match,date,age,disc,n,home,away,hmean,amean,hmin,amin,win
505213,2026-02-22,2,S,1,1414.0,1334.0,1414.0,1334.0,1414.0,1334.0,1
505213,2026-02-22,2,S,1,1243.0,1280.0,1243.0,1280.0,1243.0,1280.0,0
505215,2026-03-08,2,S,1,1432.0,1347.0,1432.0,1347.0,1432.0,1347.0,0
505215,2026-03-08,2,S,1,1246.0,1290.0,1246.0,1290.0,1246.0,1290.0,1
494480,2025-12-07,2,S,1,1384.0,1318.0,1384.0,1318.0,1384.0,1318.0,1
493359,2025-10-05,3,S,1,1280.0,1183.0,1280.0,1183.0,1280.0,1183.0,1
493359,2025-10-05,3,S,1,1205.0,1188.0,1205.0,1188.0,1205.0,1188.0,1
493359,2025-10-05,3,S,1,1096.0,1172.0,1096.0,1172.0,1096.0,1172.0,1
493359,2025-10-05,3,S,1,1075.0,1189.0,1075.0,1189.0,1075.0,1189.0,0
493359,2025-10-05,3,D,2,2368.0,2320.0,1184.0,1160.0,1170.0,1150.0,1
493360,2025-10-05,3,S,1,1206.0,1280.0,1206.0,1280.0,1206.0,1280.0,1
493360,2025-10-05,3,S,1,1103.0,1096.0,1103.0,1096.0,1103.0,1096.0,1
493360,2025-10-05,3,S,1,1092.0,1075.0,1092.0,1075.0,1092.0,1075.0,1
493360,2025-10-05,3,D,2,2125.0,2368.0,1062.5,1184.0,1025.0,1170.0,0
493363,2025-11-16,3,S,1,1372.0,1265.0,1372.0,1265.0,1372.0,1265.0,1
493363,2025-11-16,3,S,1,1246.0,1220.0,1246.0,1220.0,1246.0,1220.0,1
493363,2025-11-16,3,S,1,1105.0,1110.0,1105.0,1110.0,1105.0,1110.0,0
493363,2025-11-16,3,S,1,1144.0,1065.0,1144.0,1065.0,1144.0,1065.0,1
493363,2025-11-16,3,D,2,2440.0,2406.0,1220.0,1203.0,1203.0,1189.0,1
493364,2025-11-16,3,S,1,1234.0,1220.0,1234.0,1220.0,1234.0,1220.0,0
493364,2025-11-16,3,S,1,1209.0,1265.0,1209.0,1265.0,1209.0,1265.0,0
493364,2025-11-16,3,S,1,1205.0,1110.0,1205.0,1110.0,1205.0,1110.0,1
493364,2025-11-16,3,S,1,1155.0,1065.0,1155.0,1065.0,1155.0,1065.0,1
493364,2025-11-16,3,D,2,2331.0,2306.0,1165.5,1153.0,1157.0,1117.0,1
493364,2025-11-16,3,D,2,2312.0,2306.0,1156.0,1153.0,1136.0,1089.0,1
493375,2026-01-11,3,S,1,1335.0,1336.0,1335.0,1336.0,1335.0,1336.0,1
493375,2026-01-11,3,S,1,1175.0,1306.0,1175.0,1306.0,1175.0,1306.0,0
493375,2026-01-11,3,S,1,1121.0,1103.0,1121.0,1103.0,1121.0,1103.0,0
493375,2026-01-11,3,D,2,2217.0,2474.0,1108.5,1237.0,1107.0,1223.0,0
493376,2026-01-11,3,S,1,1260.0,1336.0,1260.0,1336.0,1260.0,1336.0,0
493376,2026-01-11,3,S,1,1237.0,1306.0,1237.0,1306.0,1237.0,1306.0,0
493376,2026-01-11,3,S,1,1178.0,1120.0,1178.0,1120.0,1178.0,1120.0,0
493376,2026-01-11,3,S,1,1161.0,1103.0,1161.0,1103.0,1161.0,1103.0,1
493376,2026-01-11,3,D,2,2269.0,2474.0,1134.5,1237.0,1109.0,1223.0,0
493376,2026-01-11,3,D,2,2228.0,2185.0,1114.0,1092.5,1097.0,1065.0,1
493379,2026-02-22,3,S,1,1339.0,1347.0,1339.0,1347.0,1339.0,1347.0,0
493379,2026-02-22,3,S,1,1328.0,1245.0,1328.0,1245.0,1328.0,1245.0,1
493379,2026-02-22,3,S,1,1163.0,1214.0,1163.0,1214.0,1163.0,1214.0,0
493379,2026-02-22,3,S,1,1112.0,1033.0,1112.0,1033.0,1112.0,1033.0,1
493379,2026-02-22,3,D,2,2514.0,2350.0,1257.0,1175.0,1243.0,1163.0,1
493379,2026-02-22,3,D,2,2183.0,2277.0,1091.5,1138.5,1065.0,1064.0,1
493255,2025-10-05,3,S,1,1100.0,1125.0,1100.0,1125.0,1100.0,1125.0,1
493255,2025-10-05,3,S,1,1080.0,1100.0,1080.0,1100.0,1080.0,1100.0,0
493256,2025-10-05,3,S,1,1125.0,1164.0,1125.0,1164.0,1125.0,1164.0,1
493256,2025-10-05,3,S,1,1100.0,1075.0,1100.0,1075.0,1100.0,1075.0,1
493258,2025-11-16,3,S,1,1164.0,1109.0,1164.0,1109.0,1164.0,1109.0,1
493258,2025-11-16,3,S,1,1096.0,1080.0,1096.0,1080.0,1096.0,1080.0,1
493258,2025-11-16,3,S,1,1057.0,1075.0,1057.0,1075.0,1057.0,1075.0,0
493258,2025-11-16,3,D,2,2217.0,2183.0,1108.5,1091.5,1062.0,1075.0,1
493258,2025-11-16,3,D,2,2138.0,2125.0,1069.0,1062.5,1059.0,1050.0,1
493260,2025-11-16,3,S,1,1298.0,1123.0,1298.0,1123.0,1298.0,1123.0,1
493260,2025-11-16,3,S,1,1096.0,1099.0,1096.0,1099.0,1096.0,1099.0,1
493260,2025-11-16,3,S,1,1057.0,1075.0,1057.0,1075.0,1057.0,1075.0,0
493266,2025-12-07,3,S,1,1186.0,1188.0,1186.0,1188.0,1186.0,1188.0,0
493266,2025-12-07,3,S,1,1099.0,1124.0,1099.0,1124.0,1099.0,1124.0,0
493267,2025-12-07,3,S,1,1187.0,1188.0,1187.0,1188.0,1187.0,1188.0,1
493267,2025-12-07,3,S,1,1083.0,1124.0,1083.0,1124.0,1083.0,1124.0,0
493267,2025-12-07,3,S,1,1050.0,1045.0,1050.0,1045.0,1050.0,1045.0,1
493267,2025-12-07,3,D,2,2163.0,2183.0,1081.5,1091.5,1050.0,1076.0,0
493269,2026-01-11,3,S,1,1095.0,1313.0,1095.0,1313.0,1095.0,1313.0,0
493271,2026-01-11,3,S,1,1153.0,1313.0,1153.0,1313.0,1153.0,1313.0,0
493271,2026-01-11,3,S,1,1111.0,1194.0,1111.0,1194.0,1111.0,1194.0,0
493271,2026-01-11,3,S,1,1089.0,1075.0,1089.0,1075.0,1089.0,1075.0,1
493271,2026-01-11,3,D,2,2284.0,2278.0,1142.0,1139.0,1103.0,1081.0,0
493277,2026-03-08,3,S,1,1166.0,1213.0,1166.0,1213.0,1166.0,1213.0,1
493277,2026-03-08,3,S,1,1101.0,1150.0,1101.0,1150.0,1101.0,1150.0,1
493277,2026-03-08,3,S,1,1052.0,1030.0,1052.0,1030.0,1052.0,1030.0,0
493277,2026-03-08,3,D,2,2169.0,2211.0,1084.5,1105.5,1053.0,1090.0,1
493278,2026-03-08,3,S,1,1280.0,1213.0,1280.0,1213.0,1280.0,1213.0,1
493278,2026-03-08,3,S,1,1265.0,1150.0,1265.0,1150.0,1265.0,1150.0,1
493278,2026-03-08,3,S,1,1097.0,1030.0,1097.0,1030.0,1097.0,1030.0,0
493278,2026-03-08,3,D,2,2247.0,2211.0,1123.5,1105.5,1108.0,1090.0,1
492854,2025-10-05,3,S,1,1125.0,1052.0,1125.0,1052.0,1125.0,1052.0,1
493198,2026-02-01,3,S,1,1204.0,1293.0,1204.0,1293.0,1204.0,1293.0,0
493198,2026-02-01,3,S,1,1055.0,1176.0,1055.0,1176.0,1055.0,1176.0,0
493198,2026-02-01,3,S,1,1034.0,1125.0,1034.0,1125.0,1034.0,1125.0,0
493515,2026-02-01,3,S,1,1154.0,1204.0,1154.0,1204.0,1154.0,1204.0,0
493515,2026-02-01,3,S,1,1120.0,1055.0,1120.0,1055.0,1120.0,1055.0,1
493206,2026-03-22,3,S,1,1084.0,1198.0,1084.0,1198.0,1084.0,1198.0,0
493206,2026-03-22,3,S,1,1073.0,1136.0,1073.0,1136.0,1073.0,1136.0,0
493206,2026-03-22,3,S,1,1051.0,1056.0,1051.0,1056.0,1051.0,1056.0,0
493206,2026-03-22,3,D,2,2204.0,2170.0,1102.0,1085.0,1088.0,1049.0,1
493206,2026-03-22,3,HD,2,2248.0,2229.0,1124.0,1114.5,1088.0,1108.0,0
493522,2026-03-22,3,S,1,1056.0,1016.0,1056.0,1016.0,1056.0,1016.0,1
492732,2025-10-26,3,S,1,1000.0,1025.0,1000.0,1025.0,1000.0,1025.0,0
492732,2025-10-26,3,S,1,1000.0,1025.0,1000.0,1025.0,1000.0,1025.0,0
492732,2025-10-26,3,S,1,991.0,1000.0,991.0,1000.0,991.0,1000.0,0
492732,2025-10-26,3,D,2,2000.0,2067.0,1000.0,1033.5,1000.0,1025.0,0
492734,2025-10-26,3,S,1,1000.0,1025.0,1000.0,1025.0,1000.0,1025.0,0
492734,2025-10-26,3,S,1,1000.0,1025.0,1000.0,1025.0,1000.0,1025.0,0
492734,2025-10-26,3,S,1,991.0,1025.0,991.0,1025.0,991.0,1025.0,0
492734,2025-10-26,3,D,2,2000.0,2058.0,1000.0,1029.0,1000.0,1025.0,1
492738,2026-02-01,3,S,1,1013.0,1154.0,1013.0,1154.0,1013.0,1154.0,0
492738,2026-02-01,3,S,1,981.0,1120.0,981.0,1120.0,981.0,1120.0,0
492739,2026-02-01,3,S,1,1094.0,1013.0,1094.0,1013.0,1094.0,1013.0,1
492739,2026-02-01,3,S,1,1051.0,981.0,1051.0,981.0,1051.0,981.0,1
506023,2026-04-11,4,S,1,1498.0,1336.0,1498.0,1336.0,1498.0,1336.0,1
506023,2026-04-11,4,S,1,1360.0,1372.0,1360.0,1372.0,1360.0,1372.0,0
506023,2026-04-11,4,S,1,1301.0,1355.0,1301.0,1355.0,1301.0,1355.0,1
506023,2026-04-11,4,S,1,1313.0,1274.0,1313.0,1274.0,1313.0,1274.0,0
506023,2026-04-11,4,D,2,2634.0,2640.0,1317.0,1320.0,1308.0,1229.0,0
506023,2026-04-11,4,D,2,2500.0,2584.0,1250.0,1292.0,1216.0,1291.0,1
506023,2026-04-11,4,D,2,2524.0,2520.0,1262.0,1260.0,1216.0,1229.0,0
506025,2026-04-11,4,S,1,1511.0,1498.0,1511.0,1498.0,1511.0,1498.0,1
506025,2026-04-11,4,S,1,1252.0,1266.0,1252.0,1266.0,1252.0,1266.0,1
506025,2026-04-11,4,S,1,1183.0,1313.0,1183.0,1313.0,1183.0,1313.0,0
506025,2026-04-11,4,D,2,2625.0,2634.0,1312.5,1317.0,1286.0,1308.0,1
506025,2026-04-11,4,D,2,2549.0,2524.0,1274.5,1262.0,1210.0,1216.0,0
506027,2026-04-11,4,S,1,1498.0,1430.0,1498.0,1430.0,1498.0,1430.0,0
506027,2026-04-11,4,S,1,1360.0,1409.0,1360.0,1409.0,1360.0,1409.0,0
506027,2026-04-11,4,S,1,1301.0,1373.0,1301.0,1373.0,1301.0,1373.0,0
506027,2026-04-11,4,S,1,1313.0,1290.0,1313.0,1290.0,1313.0,1290.0,1
506027,2026-04-11,4,D,2,2634.0,2688.0,1317.0,1344.0,1308.0,1297.0,0
506027,2026-04-11,4,D,2,2500.0,2614.0,1250.0,1307.0,1216.0,1304.0,1
506361,2026-04-12,4,S,1,1394.0,1498.0,1394.0,1498.0,1394.0,1498.0,0
506361,2026-04-12,4,S,1,1349.0,1360.0,1349.0,1360.0,1349.0,1360.0,0
506361,2026-04-12,4,S,1,1231.0,1301.0,1231.0,1301.0,1231.0,1301.0,0
506361,2026-04-12,4,S,1,1230.0,1266.0,1230.0,1266.0,1230.0,1266.0,0
506361,2026-04-12,4,D,2,2618.0,2634.0,1309.0,1317.0,1299.0,1308.0,0
506361,2026-04-12,4,D,2,2224.0,2508.0,1112.0,1254.0,1063.0,1216.0,0
506363,2026-04-12,4,S,1,1498.0,1345.0,1498.0,1345.0,1498.0,1345.0,1
506363,2026-04-12,4,S,1,1266.0,1321.0,1266.0,1321.0,1266.0,1321.0,0
506363,2026-04-12,4,S,1,1313.0,1314.0,1313.0,1314.0,1313.0,1314.0,1
506363,2026-04-12,4,D,2,2576.0,2555.0,1288.0,1277.5,1284.0,1227.0,1
487891,2025-10-05,4,MD,2,2269.0,2515.0,1134.5,1257.5,1110.0,1131.0,1
487891,2025-10-05,4,MD,2,2200.0,2502.0,1100.0,1251.0,1075.0,1068.0,0
487891,2025-10-05,4,DS,1,1628.0,1471.0,1628.0,1471.0,1628.0,1471.0,1
487891,2025-10-05,4,DS,1,1514.0,1382.0,1514.0,1382.0,1514.0,1382.0,1
487891,2025-10-05,4,HS,1,1751.0,1801.0,1751.0,1801.0,1751.0,1801.0,0
487891,2025-10-05,4,HS,1,1688.0,1598.0,1688.0,1598.0,1688.0,1598.0,1
487891,2025-10-05,4,DD,2,2640.0,2478.0,1320.0,1239.0,1264.0,1230.0,1
487891,2025-10-05,4,HD,2,2706.0,3020.0,1353.0,1510.0,1316.0,1445.0,0
487893,2025-10-26,4,MD,2,2574.0,2494.0,1287.0,1247.0,1131.0,1091.0,0
487893,2025-10-26,4,MD,2,2202.0,2443.0,1101.0,1221.5,1077.0,1111.0,0
487893,2025-10-26,4,DS,1,1505.0,1519.0,1505.0,1519.0,1505.0,1519.0,0
487893,2025-10-26,4,DS,1,1444.0,1325.0,1444.0,1325.0,1444.0,1325.0,1
487893,2025-10-26,4,HS,1,1817.0,1610.0,1817.0,1610.0,1817.0,1610.0,1
487893,2025-10-26,4,HS,1,1636.0,1566.0,1636.0,1566.0,1636.0,1566.0,1
487893,2025-10-26,4,DD,2,2513.0,2685.0,1256.5,1342.5,1230.0,1320.0,0
487893,2025-10-26,4,HD,2,3062.0,2949.0,1531.0,1474.5,1441.0,1451.0,1
487893,2025-10-26,4,MD,2,2256.0,2423.0,1128.0,1211.5,1125.0,1091.0,0
487902,2026-01-11,4,MD,2,2520.0,2599.0,1260.0,1299.5,1077.0,1161.0,0
487902,2026-01-11,4,MD,2,2254.0,2379.0,1127.0,1189.5,1125.0,1184.0,0
487902,2026-01-11,4,DS,1,1573.0,1361.0,1573.0,1361.0,1573.0,1361.0,1
487902,2026-01-11,4,DS,1,1473.0,1245.0,1473.0,1245.0,1473.0,1245.0,1
487902,2026-01-11,4,HS,1,1873.0,1843.0,1873.0,1843.0,1873.0,1843.0,1
487902,2026-01-11,4,HS,1,1647.0,1832.0,1647.0,1832.0,1647.0,1832.0,0
487902,2026-01-11,4,DD,2,2655.0,2662.0,1327.5,1331.0,1324.0,1324.0,1
487902,2026-01-11,4,HD,2,3132.0,3391.0,1566.0,1695.5,1487.0,1544.0,0
487906,2026-02-01,4,MD,2,2747.0,2572.0,1373.5,1286.0,1339.0,1129.0,1
487906,2026-02-01,4,MD,2,2396.0,2226.0,1198.0,1113.0,1179.0,1101.0,0
487906,2026-02-01,4,DS,1,1478.0,1529.0,1478.0,1529.0,1478.0,1529.0,0
487906,2026-02-01,4,DS,1,1240.0,1414.0,1240.0,1414.0,1240.0,1414.0,0
487906,2026-02-01,4,HS,1,1828.0,1946.0,1828.0,1946.0,1828.0,1946.0,1
487906,2026-02-01,4,HS,1,1606.0,1627.0,1606.0,1627.0,1606.0,1627.0,0
487906,2026-02-01,4,DD,2,2523.0,2703.0,1261.5,1351.5,1234.0,1351.0,0
487906,2026-02-01,4,HD,2,2981.0,3140.0,1490.5,1570.0,1468.0,1495.0,1
487910,2026-02-22,4,MD,2,2510.0,2266.0,1255.0,1133.0,1184.0,1121.0,0
487910,2026-02-22,4,DS,1,1687.0,1571.0,1687.0,1571.0,1687.0,1571.0,1
487910,2026-02-22,4,DS,1,1580.0,1564.0,1580.0,1564.0,1580.0,1564.0,0
487910,2026-02-22,4,HS,1,1734.0,1623.0,1734.0,1623.0,1734.0,1623.0,1
487910,2026-02-22,4,DD,2,3010.0,2581.0,1505.0,1290.5,1491.0,1231.0,1
487910,2026-02-22,4,HD,2,2964.0,3152.0,1482.0,1576.0,1441.0,1507.0,0
487914,2026-03-08,4,MD,2,2655.0,2365.0,1327.5,1182.5,1198.0,1117.0,0
487914,2026-03-08,4,MD,2,2331.0,2201.0,1165.5,1100.5,1164.0,1068.0,1
487914,2026-03-08,4,DS,1,1594.0,1414.0,1594.0,1414.0,1594.0,1414.0,1
487914,2026-03-08,4,DS,1,1347.0,1292.0,1347.0,1292.0,1347.0,1292.0,1
487914,2026-03-08,4,HS,1,1923.0,1956.0,1923.0,1956.0,1923.0,1956.0,1
487914,2026-03-08,4,HS,1,1642.0,1376.0,1642.0,1376.0,1642.0,1376.0,1
487914,2026-03-08,4,DD,2,2654.0,2644.0,1327.0,1322.0,1292.0,1243.0,1
487914,2026-03-08,4,HD,2,3262.0,2723.0,1631.0,1361.5,1562.0,1190.0,1
506461,2026-04-11,4,S,1,1363.0,1267.0,1363.0,1267.0,1363.0,1267.0,1
506461,2026-04-11,4,S,1,1321.0,1237.0,1321.0,1237.0,1321.0,1237.0,1
506461,2026-04-11,4,S,1,1299.0,1223.0,1299.0,1223.0,1299.0,1223.0,1
506461,2026-04-11,4,S,1,1162.0,1187.0,1162.0,1187.0,1162.0,1187.0,1
506461,2026-04-11,4,D,2,2456.0,2623.0,1228.0,1311.5,1220.0,1284.0,1
506461,2026-04-11,4,D,2,2354.0,2448.0,1177.0,1224.0,1166.0,1199.0,1
506463,2026-04-11,4,S,1,1363.0,1205.0,1363.0,1205.0,1363.0,1205.0,1
506463,2026-04-11,4,S,1,1321.0,1190.0,1321.0,1190.0,1321.0,1190.0,1
506463,2026-04-11,4,S,1,1299.0,1188.0,1299.0,1188.0,1299.0,1188.0,1
506463,2026-04-11,4,S,1,1138.0,1178.0,1138.0,1178.0,1138.0,1178.0,0
506463,2026-04-11,4,D,2,2456.0,2403.0,1228.0,1201.5,1220.0,1201.0,1
506463,2026-04-11,4,D,2,2374.0,2391.0,1187.0,1195.5,1166.0,1192.0,1
506465,2026-04-11,4,S,1,1321.0,1188.0,1321.0,1188.0,1321.0,1188.0,1
506465,2026-04-11,4,S,1,1299.0,1164.0,1299.0,1164.0,1299.0,1164.0,1
506465,2026-04-11,4,S,1,1162.0,1195.0,1162.0,1195.0,1162.0,1195.0,1
506465,2026-04-11,4,D,2,2396.0,2335.0,1198.0,1167.5,1188.0,1167.0,1
506483,2026-04-11,4,S,1,1283.0,1363.0,1283.0,1363.0,1283.0,1363.0,1
506483,2026-04-11,4,S,1,1274.0,1321.0,1274.0,1321.0,1274.0,1321.0,0
506483,2026-04-11,4,S,1,1247.0,1299.0,1247.0,1299.0,1247.0,1299.0,1
506483,2026-04-11,4,S,1,1226.0,1162.0,1226.0,1162.0,1226.0,1162.0,1
506483,2026-04-11,4,D,2,2496.0,2456.0,1248.0,1228.0,1240.0,1220.0,1
506483,2026-04-11,4,D,2,2346.0,2396.0,1173.0,1198.0,1150.0,1188.0,0
506490,2026-04-12,4,S,1,1244.0,1363.0,1244.0,1363.0,1244.0,1363.0,0
506490,2026-04-12,4,S,1,1211.0,1321.0,1211.0,1321.0,1211.0,1321.0,0
506490,2026-04-12,4,S,1,1196.0,1299.0,1196.0,1299.0,1196.0,1299.0,0
506490,2026-04-12,4,S,1,1134.0,1162.0,1134.0,1162.0,1134.0,1162.0,0
506490,2026-04-12,4,D,2,2475.0,2424.0,1237.5,1212.0,1200.0,1188.0,0
506490,2026-04-12,4,D,2,2437.0,2386.0,1218.5,1193.0,1199.0,1166.0,1
506492,2026-04-12,4,S,1,1363.0,1212.0,1363.0,1212.0,1363.0,1212.0,1
506492,2026-04-12,4,S,1,1299.0,1197.0,1299.0,1197.0,1299.0,1197.0,1
506492,2026-04-12,4,S,1,1162.0,1166.0,1162.0,1166.0,1162.0,1166.0,1
506492,2026-04-12,4,S,1,1138.0,1156.0,1138.0,1156.0,1138.0,1156.0,1
506492,2026-04-12,4,D,2,2444.0,2493.0,1222.0,1246.5,1208.0,1230.0,1
506492,2026-04-12,4,D,2,2408.0,2354.0,1204.0,1177.0,1188.0,1176.0,0
488004,2025-10-05,4,MD,2,2310.0,2218.0,1155.0,1109.0,1084.0,1068.0,1
488004,2025-10-05,4,MD,2,2285.0,2200.0,1142.5,1100.0,1086.0,1050.0,1
488004,2025-10-05,4,DS,1,1257.0,1139.0,1257.0,1139.0,1257.0,1139.0,1
488004,2025-10-05,4,DS,1,1199.0,1126.0,1199.0,1126.0,1199.0,1126.0,1
488004,2025-10-05,4,HS,1,1612.0,1473.0,1612.0,1473.0,1612.0,1473.0,1
488004,2025-10-05,4,HS,1,1497.0,1333.0,1497.0,1333.0,1497.0,1333.0,1
488004,2025-10-05,4,DD,2,2419.0,2285.0,1209.5,1142.5,1179.0,1139.0,1
488004,2025-10-05,4,HD,2,2887.0,2832.0,1443.5,1416.0,1442.0,1363.0,1
490145,2025-10-05,4,DS,1,1385.0,1199.0,1385.0,1199.0,1385.0,1199.0,1
490145,2025-10-05,4,DS,1,1262.0,1180.0,1262.0,1180.0,1262.0,1180.0,1
490145,2025-10-05,4,HS,1,1386.0,1612.0,1386.0,1612.0,1386.0,1612.0,0
490145,2025-10-05,4,HS,1,1220.0,1497.0,1220.0,1497.0,1220.0,1497.0,0
490145,2025-10-05,4,DD,2,2486.0,2334.0,1243.0,1167.0,1232.0,1155.0,1
490145,2025-10-05,4,HD,2,2416.0,2887.0,1208.0,1443.5,1177.0,1442.0,0
488009,2025-11-16,4,MD,2,2334.0,2361.0,1167.0,1180.5,1082.0,1060.0,0
488009,2025-11-16,4,MD,2,2325.0,2282.0,1162.5,1141.0,1113.0,1091.0,1
488009,2025-11-16,4,DS,1,1289.0,1309.0,1289.0,1309.0,1289.0,1309.0,0
488009,2025-11-16,4,DS,1,1261.0,1175.0,1261.0,1175.0,1261.0,1175.0,0
488009,2025-11-16,4,HS,1,1671.0,1466.0,1671.0,1466.0,1671.0,1466.0,1
488009,2025-11-16,4,HS,1,1549.0,1440.0,1549.0,1440.0,1549.0,1440.0,1
488009,2025-11-16,4,DD,2,2447.0,2461.0,1223.5,1230.5,1173.0,1181.0,0
488009,2025-11-16,4,HD,2,2929.0,2732.0,1464.5,1366.0,1457.0,1337.0,1
488009,2025-11-16,4,MD,2,2325.0,2361.0,1162.5,1180.5,1113.0,1060.0,0
490148,2025-11-16,4,MD,2,2334.0,2600.0,1167.0,1300.0,1082.0,1217.0,1
490148,2025-11-16,4,MD,2,2325.0,2487.0,1162.5,1243.5,1113.0,1190.0,1
490148,2025-11-16,4,DS,1,1289.0,1228.0,1289.0,1228.0,1289.0,1228.0,0
490148,2025-11-16,4,DS,1,1261.0,1101.0,1261.0,1101.0,1261.0,1101.0,1
490148,2025-11-16,4,HS,1,1671.0,1450.0,1671.0,1450.0,1671.0,1450.0,1
490148,2025-11-16,4,HS,1,1549.0,1430.0,1549.0,1430.0,1549.0,1430.0,1
490148,2025-11-16,4,DD,2,2447.0,2297.0,1223.5,1148.5,1173.0,1114.0,1
490148,2025-11-16,4,HD,2,2929.0,2800.0,1464.5,1400.0,1457.0,1385.0,1
490160,2026-02-01,4,MD,2,2404.0,2281.0,1202.0,1140.5,1134.0,1103.0,1
490160,2026-02-01,4,MD,2,2364.0,2269.0,1182.0,1134.5,1173.0,1120.0,1
490160,2026-02-01,4,DS,1,1327.0,1340.0,1327.0,1340.0,1327.0,1340.0,0
490160,2026-02-01,4,DS,1,1260.0,1205.0,1260.0,1205.0,1260.0,1205.0,0
490160,2026-02-01,4,HS,1,1760.0,1362.0,1760.0,1362.0,1760.0,1362.0,1
490160,2026-02-01,4,HS,1,1537.0,1223.0,1537.0,1223.0,1537.0,1223.0,1
490160,2026-02-01,4,DD,2,2451.0,2508.0,1225.5,1254.0,1192.0,1206.0,0
490160,2026-02-01,4,HD,2,3041.0,2385.0,1520.5,1192.5,1460.0,1186.0,1
490161,2026-02-22,4,MD,2,2513.0,2396.0,1256.5,1198.0,1111.0,1092.0,0
490161,2026-02-22,4,MD,2,2500.0,2350.0,1250.0,1175.0,1206.0,1146.0,0
490161,2026-02-22,4,DS,1,1363.0,1315.0,1363.0,1315.0,1363.0,1315.0,1
490161,2026-02-22,4,DS,1,1176.0,1248.0,1176.0,1248.0,1176.0,1248.0,0
490161,2026-02-22,4,HS,1,1513.0,1776.0,1513.0,1776.0,1513.0,1776.0,0
490161,2026-02-22,4,HS,1,1447.0,1561.0,1447.0,1561.0,1447.0,1561.0,0
490161,2026-02-22,4,DD,2,2496.0,2484.0,1248.0,1242.0,1224.0,1192.0,1
490161,2026-02-22,4,HD,2,2920.0,3039.0,1460.0,1519.5,1445.0,1446.0,0
490163,2026-02-22,4,MD,2,2294.0,2450.0,1147.0,1225.0,1106.0,1146.0,0
490163,2026-02-22,4,DS,1,1170.0,1315.0,1170.0,1315.0,1170.0,1315.0,0
490163,2026-02-22,4,DS,1,1141.0,1248.0,1141.0,1248.0,1141.0,1248.0,0
490163,2026-02-22,4,HS,1,1525.0,1776.0,1525.0,1776.0,1525.0,1776.0,0
490163,2026-02-22,4,HS,1,1470.0,1625.0,1470.0,1625.0,1470.0,1625.0,0
490163,2026-02-22,4,DD,2,2259.0,2484.0,1129.5,1242.0,1115.0,1192.0,0
490163,2026-02-22,4,HD,2,2822.0,3039.0,1411.0,1519.5,1350.0,1446.0,0
490157,2026-03-08,4,MD,2,2351.0,2497.0,1175.5,1248.5,1099.0,1164.0,0
490157,2026-03-08,4,MD,2,2341.0,2476.0,1170.5,1238.0,1144.0,1183.0,0
490157,2026-03-08,4,DS,1,1617.0,1347.0,1617.0,1347.0,1617.0,1347.0,1
490157,2026-03-08,4,DS,1,1257.0,1319.0,1257.0,1319.0,1257.0,1319.0,1
490157,2026-03-08,4,HS,1,1576.0,1786.0,1576.0,1786.0,1576.0,1786.0,0
490157,2026-03-08,4,HS,1,1507.0,1659.0,1507.0,1659.0,1507.0,1659.0,0
490157,2026-03-08,4,DD,2,2566.0,2494.0,1283.0,1247.0,1251.0,1202.0,1
490157,2026-03-08,4,HD,2,2744.0,3173.0,1372.0,1586.5,1346.0,1558.0,0
506467,2026-04-11,4,S,1,1244.0,1340.0,1244.0,1340.0,1244.0,1340.0,0
506467,2026-04-11,4,S,1,1233.0,1219.0,1233.0,1219.0,1233.0,1219.0,1
506467,2026-04-11,4,S,1,1184.0,1111.0,1184.0,1111.0,1184.0,1111.0,1
506467,2026-04-11,4,S,1,1161.0,1137.0,1161.0,1137.0,1161.0,1137.0,1
506467,2026-04-11,4,D,2,2464.0,2396.0,1232.0,1198.0,1217.0,1169.0,1
506467,2026-04-11,4,D,2,2379.0,2436.0,1189.5,1218.0,1179.0,1200.0,1
506469,2026-04-11,4,S,1,1244.0,1492.0,1244.0,1492.0,1244.0,1492.0,0
506469,2026-04-11,4,S,1,1233.0,1258.0,1233.0,1258.0,1233.0,1258.0,0
506469,2026-04-11,4,S,1,1191.0,1173.0,1191.0,1173.0,1191.0,1173.0,0
506469,2026-04-11,4,S,1,1184.0,1171.0,1184.0,1171.0,1184.0,1171.0,0
506469,2026-04-11,4,D,2,2556.0,2457.0,1278.0,1228.5,1274.0,1181.0,0
506471,2026-04-11,4,S,1,1244.0,1300.0,1244.0,1300.0,1244.0,1300.0,1
506471,2026-04-11,4,S,1,1233.0,1190.0,1233.0,1190.0,1233.0,1190.0,1
506471,2026-04-11,4,S,1,1213.0,1185.0,1213.0,1185.0,1213.0,1185.0,1
506471,2026-04-11,4,S,1,1191.0,1153.0,1191.0,1153.0,1191.0,1153.0,1
506471,2026-04-11,4,D,2,2464.0,2373.0,1232.0,1186.5,1217.0,1159.0,0
506471,2026-04-11,4,D,2,2379.0,2366.0,1189.5,1183.0,1179.0,1154.0,1
506499,2026-04-12,4,S,1,1244.0,1235.0,1244.0,1235.0,1244.0,1235.0,1
506499,2026-04-12,4,S,1,1213.0,1200.0,1213.0,1200.0,1213.0,1200.0,0
506499,2026-04-12,4,S,1,1184.0,1133.0,1184.0,1133.0,1184.0,1133.0,1
506499,2026-04-12,4,S,1,1161.0,1028.0,1161.0,1028.0,1161.0,1028.0,1
506499,2026-04-12,4,D,2,2491.0,2431.0,1245.5,1215.5,1217.0,1182.0,1
506499,2026-04-12,4,D,2,2447.0,2396.0,1223.5,1198.0,1200.0,1188.0,1
506503,2026-04-12,4,S,1,1244.0,1256.0,1244.0,1256.0,1244.0,1256.0,0
506503,2026-04-12,4,S,1,1233.0,1222.0,1233.0,1222.0,1233.0,1222.0,1
506503,2026-04-12,4,S,1,1191.0,1216.0,1191.0,1216.0,1191.0,1216.0,1
506503,2026-04-12,4,S,1,1184.0,1224.0,1184.0,1224.0,1184.0,1224.0,1
506503,2026-04-12,4,D,2,2556.0,2515.0,1278.0,1257.5,1274.0,1200.0,0
506503,2026-04-12,4,D,2,2396.0,2347.0,1198.0,1173.5,1179.0,1116.0,1
492875,2025-10-05,4,S,1,1305.0,1402.0,1305.0,1402.0,1305.0,1402.0,1
492875,2025-10-05,4,S,1,1252.0,1317.0,1252.0,1317.0,1252.0,1317.0,0
492875,2025-10-05,4,S,1,1138.0,1296.0,1138.0,1296.0,1138.0,1296.0,0
492875,2025-10-05,4,D,2,2361.0,2554.0,1180.5,1277.0,1125.0,1194.0,0
493408,2025-10-05,4,S,1,1372.0,1402.0,1372.0,1402.0,1372.0,1402.0,0
493408,2025-10-05,4,S,1,1326.0,1317.0,1326.0,1317.0,1326.0,1317.0,1
493408,2025-10-05,4,S,1,1312.0,1245.0,1312.0,1245.0,1312.0,1245.0,1
493408,2025-10-05,4,S,1,1216.0,1233.0,1216.0,1233.0,1216.0,1233.0,1
493408,2025-10-05,4,D,2,2542.0,2554.0,1271.0,1277.0,1202.0,1194.0,1
493408,2025-10-05,4,D,2,2471.0,2398.0,1235.5,1199.0,1152.0,1181.0,1
493415,2025-11-16,4,S,1,1399.0,1487.0,1399.0,1487.0,1399.0,1487.0,0
493415,2025-11-16,4,S,1,1385.0,1383.0,1385.0,1383.0,1385.0,1383.0,0
493415,2025-11-16,4,S,1,1338.0,1331.0,1338.0,1331.0,1338.0,1331.0,0
493415,2025-11-16,4,S,1,1259.0,1318.0,1259.0,1318.0,1259.0,1318.0,1
493415,2025-11-16,4,D,2,2690.0,2635.0,1345.0,1317.5,1344.0,1264.0,0
493415,2025-11-16,4,D,2,2640.0,2495.0,1320.0,1247.5,1274.0,1243.0,1
493416,2025-11-16,4,S,1,1487.0,1442.0,1487.0,1442.0,1487.0,1442.0,1
493416,2025-11-16,4,S,1,1383.0,1291.0,1383.0,1291.0,1383.0,1291.0,1
493416,2025-11-16,4,S,1,1331.0,1264.0,1331.0,1264.0,1331.0,1264.0,0
493416,2025-11-16,4,S,1,1225.0,1178.0,1225.0,1178.0,1225.0,1178.0,0
493416,2025-11-16,4,D,2,2588.0,2573.0,1294.0,1286.5,1217.0,1265.0,1
493416,2025-11-16,4,D,2,2495.0,2519.0,1247.5,1259.5,1243.0,1161.0,1
493418,2026-01-11,4,S,1,1462.0,1613.0,1462.0,1613.0,1462.0,1613.0,0
493418,2026-01-11,4,S,1,1381.0,1427.0,1381.0,1427.0,1381.0,1427.0,1
493418,2026-01-11,4,S,1,1380.0,1326.0,1380.0,1326.0,1380.0,1326.0,1
493418,2026-01-11,4,S,1,1325.0,1224.0,1325.0,1224.0,1325.0,1224.0,1
493418,2026-01-11,4,D,2,2692.0,2815.0,1346.0,1407.5,1313.0,1262.0,0
493418,2026-01-11,4,D,2,2670.0,2524.0,1335.0,1262.0,1225.0,1258.0,1
493420,2026-01-11,4,S,1,1613.0,1384.0,1613.0,1384.0,1613.0,1384.0,1
493420,2026-01-11,4,S,1,1427.0,1319.0,1427.0,1319.0,1427.0,1319.0,1
493420,2026-01-11,4,S,1,1326.0,1245.0,1326.0,1245.0,1326.0,1245.0,0
493420,2026-01-11,4,S,1,1293.0,1233.0,1293.0,1233.0,1293.0,1233.0,0
493420,2026-01-11,4,D,2,2815.0,2335.0,1407.5,1167.5,1262.0,1106.0,1
493420,2026-01-11,4,D,2,2497.0,2254.0,1248.5,1127.0,1231.0,1101.0,0
493422,2026-02-22,4,S,1,1527.0,1401.0,1527.0,1401.0,1527.0,1401.0,1
493422,2026-02-22,4,S,1,1427.0,1326.0,1427.0,1326.0,1427.0,1326.0,1
493422,2026-02-22,4,S,1,1331.0,1141.0,1331.0,1141.0,1331.0,1141.0,1
493422,2026-02-22,4,S,1,1224.0,1092.0,1224.0,1092.0,1224.0,1092.0,1
493422,2026-02-22,4,D,2,2632.0,2362.0,1316.0,1181.0,1231.0,1119.0,1
493422,2026-02-22,4,D,2,2548.0,2288.0,1274.0,1144.0,1266.0,1100.0,1
493424,2026-02-22,4,S,1,1527.0,1604.0,1527.0,1604.0,1527.0,1604.0,0
493424,2026-02-22,4,S,1,1427.0,1336.0,1427.0,1336.0,1427.0,1336.0,1
493424,2026-02-22,4,S,1,1331.0,1301.0,1331.0,1301.0,1331.0,1301.0,0
493424,2026-02-22,4,S,1,1224.0,1215.0,1224.0,1215.0,1224.0,1215.0,0
493424,2026-02-22,4,D,2,2632.0,2687.0,1316.0,1343.5,1231.0,1336.0,0
493424,2026-02-22,4,D,2,2519.0,2491.0,1259.5,1245.5,1253.0,1164.0,0
493428,2026-03-08,4,S,1,1548.0,1446.0,1548.0,1446.0,1548.0,1446.0,1
493428,2026-03-08,4,S,1,1473.0,1402.0,1473.0,1402.0,1473.0,1402.0,1
493428,2026-03-08,4,S,1,1348.0,1357.0,1348.0,1357.0,1348.0,1357.0,0
493428,2026-03-08,4,S,1,1279.0,1348.0,1279.0,1348.0,1279.0,1348.0,0
493428,2026-03-08,4,D,2,2618.0,2779.0,1309.0,1389.5,1224.0,1374.0,0
493428,2026-03-08,4,D,2,2534.0,2640.0,1267.0,1320.0,1258.0,1298.0,0
493430,2026-03-08,4,S,1,1548.0,1315.0,1548.0,1315.0,1548.0,1315.0,1
493430,2026-03-08,4,S,1,1473.0,1305.0,1473.0,1305.0,1473.0,1305.0,0
493430,2026-03-08,4,S,1,1348.0,1302.0,1348.0,1302.0,1348.0,1302.0,1
493430,2026-03-08,4,S,1,1279.0,1282.0,1279.0,1282.0,1279.0,1282.0,1
493430,2026-03-08,4,D,2,2618.0,2437.0,1309.0,1218.5,1224.0,1162.0,0
493430,2026-03-08,4,D,2,2568.0,2366.0,1284.0,1183.0,1276.0,1123.0,0
493430,2026-03-08,4,HD,2,2686.0,2518.0,1343.0,1259.0,1292.0,1243.0,0
506561,2026-04-11,4,MD,2,2609.0,2741.0,1304.5,1370.5,1152.0,1282.0,0
506561,2026-04-11,4,MD,2,2475.0,2681.0,1237.5,1340.5,1218.0,1292.0,1
506561,2026-04-11,4,DS,1,1618.0,1593.0,1618.0,1593.0,1618.0,1593.0,1
506561,2026-04-11,4,DS,1,1605.0,1318.0,1605.0,1318.0,1605.0,1318.0,1
506561,2026-04-11,4,HS,1,1962.0,1820.0,1962.0,1820.0,1962.0,1820.0,0
506561,2026-04-11,4,HS,1,1688.0,1775.0,1688.0,1775.0,1688.0,1775.0,1
506561,2026-04-11,4,DD,2,2868.0,2579.0,1434.0,1289.5,1430.0,1233.0,1
506561,2026-04-11,4,HD,2,3347.0,3314.0,1673.5,1657.0,1623.0,1602.0,0
506563,2026-04-11,4,MD,2,2612.0,2552.0,1306.0,1276.0,1276.0,1152.0,1
506563,2026-04-11,4,MD,2,2265.0,2475.0,1132.5,1237.5,1124.0,1218.0,0
506563,2026-04-11,4,DS,1,1715.0,1618.0,1715.0,1618.0,1715.0,1618.0,1
506563,2026-04-11,4,DS,1,1604.0,1605.0,1604.0,1605.0,1604.0,1605.0,1
506563,2026-04-11,4,HS,1,1986.0,1962.0,1986.0,1962.0,1986.0,1962.0,0
506563,2026-04-11,4,HS,1,1929.0,1736.0,1929.0,1736.0,1929.0,1736.0,1
506563,2026-04-11,4,DD,2,3004.0,2868.0,1502.0,1434.0,1383.0,1430.0,1
506563,2026-04-11,4,HD,2,2880.0,3347.0,1440.0,1673.5,1424.0,1623.0,0
506571,2026-04-12,4,MD,2,2552.0,2713.0,1276.0,1356.5,1152.0,1224.0,0
506571,2026-04-12,4,MD,2,2475.0,2589.0,1237.5,1294.5,1218.0,1290.0,1
506571,2026-04-12,4,DS,1,1618.0,1416.0,1618.0,1416.0,1618.0,1416.0,1
506571,2026-04-12,4,DS,1,1605.0,1399.0,1605.0,1399.0,1605.0,1399.0,1
506571,2026-04-12,4,HS,1,1962.0,1944.0,1962.0,1944.0,1962.0,1944.0,0
506571,2026-04-12,4,HS,1,1736.0,1939.0,1736.0,1939.0,1736.0,1939.0,0
506571,2026-04-12,4,DD,2,2868.0,2891.0,1434.0,1445.5,1430.0,1406.0,0
506571,2026-04-12,4,HD,2,3275.0,3572.0,1637.5,1786.0,1551.0,1686.0,0
494385,2025-11-16,4,S,1,1185.0,1116.0,1185.0,1116.0,1185.0,1116.0,1
494385,2025-11-16,4,S,1,1146.0,1115.0,1146.0,1115.0,1146.0,1115.0,1
494385,2025-11-16,4,D,2,2314.0,2244.0,1157.0,1122.0,1139.0,1119.0,1
494386,2025-11-16,4,S,1,1116.0,1144.0,1116.0,1144.0,1116.0,1144.0,1
494386,2025-11-16,4,S,1,1125.0,1113.0,1125.0,1113.0,1125.0,1113.0,0
494386,2025-11-16,4,S,1,1103.0,1109.0,1103.0,1109.0,1103.0,1109.0,0
494386,2025-11-16,4,HD,2,2236.0,2240.0,1118.0,1120.0,1117.0,1107.0,1
492918,2025-12-07,4,S,1,1126.0,1200.0,1126.0,1200.0,1126.0,1200.0,0
492918,2025-12-07,4,S,1,1117.0,1151.0,1117.0,1151.0,1117.0,1151.0,0
492918,2025-12-07,4,S,1,1109.0,1133.0,1109.0,1133.0,1109.0,1133.0,0
492918,2025-12-07,4,D,2,2258.0,2443.0,1129.0,1221.5,1125.0,1212.0,0
492918,2025-12-07,4,D,2,2242.0,2266.0,1121.0,1133.0,1117.0,1127.0,0
492919,2025-12-07,4,S,1,1196.0,1126.0,1196.0,1126.0,1196.0,1126.0,1
492919,2025-12-07,4,S,1,1116.0,1109.0,1116.0,1109.0,1116.0,1109.0,1
492919,2025-12-07,4,D,2,2250.0,2258.0,1125.0,1129.0,1125.0,1125.0,1
493569,2026-01-11,4,S,1,1240.0,1134.0,1240.0,1134.0,1240.0,1134.0,1
493569,2026-01-11,4,S,1,1165.0,1116.0,1165.0,1116.0,1165.0,1116.0,0
493569,2026-01-11,4,S,1,1122.0,1107.0,1122.0,1107.0,1122.0,1107.0,1
493569,2026-01-11,4,S,1,1117.0,1097.0,1117.0,1097.0,1117.0,1097.0,1
493569,2026-01-11,4,D,2,2242.0,2258.0,1121.0,1129.0,1121.0,1125.0,1
493572,2026-01-11,4,S,1,1116.0,1290.0,1116.0,1290.0,1116.0,1290.0,0
493572,2026-01-11,4,S,1,1111.0,1242.0,1111.0,1242.0,1111.0,1242.0,0
493572,2026-01-11,4,S,1,1097.0,1128.0,1097.0,1128.0,1097.0,1128.0,0
493572,2026-01-11,4,D,2,2258.0,2417.0,1129.0,1208.5,1125.0,1173.0,0
492929,2026-02-01,4,S,1,1264.0,1128.0,1264.0,1128.0,1264.0,1128.0,1
492929,2026-02-01,4,S,1,1163.0,1124.0,1163.0,1124.0,1163.0,1124.0,1
492929,2026-02-01,4,S,1,1107.0,1057.0,1107.0,1057.0,1107.0,1057.0,0
492929,2026-02-01,4,D,2,2301.0,2278.0,1150.5,1139.0,1133.0,1139.0,1
492931,2026-02-01,4,S,1,1332.0,1264.0,1332.0,1264.0,1332.0,1264.0,1
492931,2026-02-01,4,S,1,1264.0,1163.0,1264.0,1163.0,1264.0,1163.0,1
492931,2026-02-01,4,S,1,1187.0,1102.0,1187.0,1102.0,1187.0,1102.0,0
492931,2026-02-01,4,S,1,1124.0,1085.0,1124.0,1085.0,1124.0,1085.0,1
492931,2026-02-01,4,D,2,2471.0,2293.0,1235.5,1146.5,1200.0,1125.0,1
492931,2026-02-01,4,D,2,2299.0,2247.0,1149.5,1123.5,1146.0,1114.0,1
493579,2026-03-22,4,S,1,1224.0,1130.0,1224.0,1130.0,1224.0,1130.0,1
493579,2026-03-22,4,S,1,1219.0,1128.0,1219.0,1128.0,1219.0,1128.0,1
493579,2026-03-22,4,S,1,1189.0,1089.0,1189.0,1089.0,1189.0,1089.0,1
493579,2026-03-22,4,S,1,1149.0,1079.0,1149.0,1079.0,1149.0,1079.0,1
493579,2026-03-22,4,D,2,2467.0,2262.0,1233.5,1131.0,1207.0,1125.0,1
493579,2026-03-22,4,D,2,2389.0,2250.0,1194.5,1125.0,1167.0,1117.0,1
493580,2026-03-22,4,S,1,1130.0,1226.0,1130.0,1226.0,1130.0,1226.0,0
493580,2026-03-22,4,S,1,1128.0,1201.0,1128.0,1201.0,1128.0,1201.0,0
493580,2026-03-22,4,S,1,1095.0,1192.0,1095.0,1192.0,1095.0,1192.0,0
493580,2026-03-22,4,S,1,1079.0,1172.0,1079.0,1172.0,1079.0,1172.0,0
493580,2026-03-22,4,D,2,2270.0,2401.0,1135.0,1200.5,1133.0,1179.0,0
493580,2026-03-22,4,D,2,2242.0,2307.0,1121.0,1153.5,1117.0,1146.0,0
506565,2026-04-11,4,MD,2,2699.0,2481.0,1349.5,1240.5,1199.0,1231.0,1
506565,2026-04-11,4,MD,2,2584.0,2469.0,1292.0,1234.5,1146.0,1108.0,1
506565,2026-04-11,4,DS,1,1719.0,1321.0,1719.0,1321.0,1719.0,1321.0,1
506565,2026-04-11,4,DS,1,1474.0,1203.0,1474.0,1203.0,1474.0,1203.0,1
506565,2026-04-11,4,HS,1,1734.0,1841.0,1734.0,1841.0,1734.0,1841.0,0
506565,2026-04-11,4,HS,1,1683.0,1721.0,1683.0,1721.0,1683.0,1721.0,1
506565,2026-04-11,4,DD,2,2915.0,2532.0,1457.5,1266.0,1432.0,1202.0,1
506565,2026-04-11,4,HD,2,3147.0,3033.0,1573.5,1516.5,1566.0,1443.0,1
506566,2026-04-11,4,MD,2,2713.0,2456.0,1356.5,1228.0,1224.0,1108.0,1
506566,2026-04-11,4,MD,2,2589.0,2445.0,1294.5,1222.5,1290.0,1195.0,1
506566,2026-04-11,4,DS,1,1416.0,1335.0,1416.0,1335.0,1416.0,1335.0,1
506566,2026-04-11,4,DS,1,1399.0,1321.0,1399.0,1321.0,1399.0,1321.0,1
506566,2026-04-11,4,HS,1,1944.0,1841.0,1944.0,1841.0,1944.0,1841.0,1
506566,2026-04-11,4,HS,1,1939.0,1598.0,1939.0,1598.0,1939.0,1598.0,1
506566,2026-04-11,4,DD,2,2891.0,2532.0,1445.5,1266.0,1406.0,1202.0,1
506566,2026-04-11,4,HD,2,3572.0,3223.0,1786.0,1611.5,1686.0,1590.0,1
506569,2026-04-12,4,MD,2,2481.0,2752.0,1240.5,1376.0,1231.0,1223.0,0
506569,2026-04-12,4,MD,2,2469.0,2708.0,1234.5,1354.0,1108.0,1151.0,1
506569,2026-04-12,4,DS,1,1335.0,1749.0,1335.0,1749.0,1335.0,1749.0,0
506569,2026-04-12,4,DS,1,1203.0,1545.0,1203.0,1545.0,1203.0,1545.0,0
506569,2026-04-12,4,HS,1,1841.0,1779.0,1841.0,1779.0,1841.0,1779.0,1
506569,2026-04-12,4,HS,1,1721.0,1469.0,1721.0,1469.0,1721.0,1469.0,1
506569,2026-04-12,4,DD,2,2509.0,3017.0,1254.5,1508.5,1202.0,1487.0,0
506569,2026-04-12,4,HD,2,3033.0,3086.0,1516.5,1543.0,1443.0,1515.0,1
506569,2026-04-12,4,MD,2,2469.0,2752.0,1234.5,1376.0,1108.0,1223.0,1
493590,2025-10-26,4,S,1,1175.0,1131.0,1175.0,1131.0,1175.0,1131.0,1
493590,2025-10-26,4,D,2,2238.0,2250.0,1119.0,1125.0,1091.0,1125.0,1
493591,2025-10-26,4,S,1,1150.0,1127.0,1150.0,1127.0,1150.0,1127.0,0
493591,2025-10-26,4,S,1,1131.0,1125.0,1131.0,1125.0,1131.0,1125.0,1
493591,2025-10-26,4,S,1,1125.0,1125.0,1125.0,1125.0,1125.0,1125.0,0
493591,2025-10-26,4,S,1,1125.0,1050.0,1125.0,1050.0,1125.0,1050.0,0
493591,2025-10-26,4,D,2,2250.0,2257.0,1125.0,1128.5,1125.0,1125.0,0
493591,2025-10-26,4,D,2,2225.0,2150.0,1112.5,1075.0,1100.0,1075.0,0
492954,2026-01-11,4,S,1,1173.0,1145.0,1173.0,1145.0,1173.0,1145.0,0
492954,2026-01-11,4,S,1,1142.0,1136.0,1142.0,1136.0,1142.0,1136.0,0
492954,2026-01-11,4,S,1,1125.0,1123.0,1125.0,1123.0,1125.0,1123.0,0
492954,2026-01-11,4,D,2,2225.0,2250.0,1112.5,1125.0,1100.0,1125.0,1
492957,2026-01-11,4,S,1,1171.0,1142.0,1171.0,1142.0,1171.0,1142.0,1
492957,2026-01-11,4,S,1,1169.0,1125.0,1169.0,1125.0,1169.0,1125.0,1
492957,2026-01-11,4,D,2,2292.0,2250.0,1146.0,1125.0,1125.0,1125.0,1
493596,2026-02-22,4,S,1,1278.0,1172.0,1278.0,1172.0,1278.0,1172.0,1
493596,2026-02-22,4,S,1,1177.0,1128.0,1177.0,1128.0,1177.0,1128.0,0
493596,2026-02-22,4,S,1,1120.0,1134.0,1120.0,1134.0,1120.0,1134.0,0
493596,2026-02-22,4,S,1,1088.0,1111.0,1088.0,1111.0,1088.0,1111.0,1
493596,2026-02-22,4,D,2,2334.0,2257.0,1167.0,1128.5,1144.0,1125.0,1
493596,2026-02-22,4,D,2,2267.0,2239.0,1133.5,1119.5,1133.0,1114.0,1
493597,2026-02-22,4,S,1,1172.0,1254.0,1172.0,1254.0,1172.0,1254.0,0
493597,2026-02-22,4,S,1,1128.0,1207.0,1128.0,1207.0,1128.0,1207.0,0
493597,2026-02-22,4,S,1,1134.0,1184.0,1134.0,1184.0,1134.0,1184.0,0
493597,2026-02-22,4,S,1,1111.0,1113.0,1111.0,1113.0,1111.0,1113.0,0
493597,2026-02-22,4,D,2,2250.0,2330.0,1125.0,1165.0,1125.0,1117.0,0
493599,2026-03-22,4,S,1,1182.0,1262.0,1182.0,1262.0,1182.0,1262.0,0
493599,2026-03-22,4,S,1,1143.0,1226.0,1143.0,1226.0,1143.0,1226.0,0
493599,2026-03-22,4,S,1,1097.0,1158.0,1097.0,1158.0,1097.0,1158.0,0
493599,2026-03-22,4,S,1,1103.0,1126.0,1103.0,1126.0,1103.0,1126.0,0
493599,2026-03-22,4,D,2,2264.0,2452.0,1132.0,1226.0,1125.0,1218.0,0
493599,2026-03-22,4,D,2,2298.0,2328.0,1149.0,1164.0,1125.0,1164.0,1
493601,2026-03-22,4,S,1,1149.0,1182.0,1149.0,1182.0,1149.0,1182.0,0
493601,2026-03-22,4,S,1,1125.0,1126.0,1125.0,1126.0,1125.0,1126.0,0
493601,2026-03-22,4,S,1,1108.0,1143.0,1108.0,1143.0,1108.0,1143.0,1
493601,2026-03-22,4,S,1,1065.0,1103.0,1065.0,1103.0,1065.0,1103.0,0
493601,2026-03-22,4,D,2,2302.0,2250.0,1151.0,1125.0,1149.0,1125.0,1
493601,2026-03-22,4,D,2,2242.0,2301.0,1121.0,1150.5,1117.0,1128.0,0
493610,2025-12-07,4,S,1,1230.0,1320.0,1230.0,1320.0,1230.0,1320.0,0
493610,2025-12-07,4,S,1,1218.0,1215.0,1218.0,1215.0,1218.0,1215.0,0
493610,2025-12-07,4,S,1,1188.0,1188.0,1188.0,1188.0,1188.0,1188.0,0
493610,2025-12-07,4,S,1,1076.0,1087.0,1076.0,1087.0,1076.0,1087.0,0
493610,2025-12-07,4,D,2,2282.0,2342.0,1141.0,1171.0,1140.0,1143.0,0
493610,2025-12-07,4,D,2,2203.0,2272.0,1101.5,1136.0,1070.0,1103.0,0
493611,2025-12-07,4,S,1,1320.0,1125.0,1320.0,1125.0,1320.0,1125.0,1
493611,2025-12-07,4,S,1,1215.0,1092.0,1215.0,1092.0,1215.0,1092.0,1
493611,2025-12-07,4,S,1,1188.0,1065.0,1188.0,1065.0,1188.0,1065.0,1
493611,2025-12-07,4,S,1,1089.0,1064.0,1089.0,1064.0,1089.0,1064.0,1
493611,2025-12-07,4,D,2,2302.0,2225.0,1151.0,1112.5,1103.0,1100.0,1
493611,2025-12-07,4,D,2,2285.0,2165.0,1142.5,1082.5,1142.0,1070.0,1
493614,2026-01-11,4,S,1,1206.0,1320.0,1206.0,1320.0,1206.0,1320.0,0
493614,2026-01-11,4,S,1,1181.0,1239.0,1181.0,1239.0,1181.0,1239.0,0
493614,2026-01-11,4,S,1,1158.0,1212.0,1158.0,1212.0,1158.0,1212.0,0
493614,2026-01-11,4,S,1,1086.0,1102.0,1086.0,1102.0,1086.0,1102.0,0
493614,2026-01-11,4,D,2,2341.0,2349.0,1170.5,1174.5,1147.0,1129.0,1
493615,2026-01-11,4,S,1,1320.0,1238.0,1320.0,1238.0,1320.0,1238.0,1
493615,2026-01-11,4,S,1,1239.0,1212.0,1239.0,1212.0,1239.0,1212.0,1
493615,2026-01-11,4,S,1,1212.0,1202.0,1212.0,1202.0,1212.0,1202.0,0
493615,2026-01-11,4,S,1,1101.0,1182.0,1101.0,1182.0,1101.0,1182.0,0
493615,2026-01-11,4,D,2,2388.0,2300.0,1194.0,1150.0,1168.0,1146.0,0
493615,2026-01-11,4,D,2,2283.0,2293.0,1141.5,1146.5,1129.0,1146.0,1
493615,2026-01-11,4,D,2,2322.0,2301.0,1161.0,1150.5,1154.0,1147.0,0
493620,2026-02-22,4,S,1,1107.0,1269.0,1107.0,1269.0,1107.0,1269.0,0
493620,2026-02-22,4,S,1,1079.0,1209.0,1079.0,1209.0,1079.0,1209.0,0
493620,2026-02-22,4,S,1,1052.0,1101.0,1052.0,1101.0,1052.0,1101.0,0
493620,2026-02-22,4,D,2,2201.0,2325.0,1100.5,1162.5,1088.0,1143.0,0
493621,2026-03-08,4,S,1,1159.0,1328.0,1159.0,1328.0,1159.0,1328.0,0
493621,2026-03-08,4,S,1,1131.0,1278.0,1131.0,1278.0,1131.0,1278.0,0
493621,2026-03-08,4,S,1,1094.0,1244.0,1094.0,1244.0,1094.0,1244.0,0
493621,2026-03-08,4,S,1,1077.0,1111.0,1077.0,1111.0,1077.0,1111.0,0
493621,2026-03-08,4,D,2,2250.0,2379.0,1125.0,1189.5,1117.0,1155.0,1
493621,2026-03-08,4,D,2,2225.0,2387.0,1112.5,1193.5,1103.0,1192.0,0
493624,2026-03-08,4,S,1,1278.0,1217.0,1278.0,1217.0,1278.0,1217.0,1
493624,2026-03-08,4,S,1,1244.0,1174.0,1244.0,1174.0,1244.0,1174.0,1
493624,2026-03-08,4,S,1,1132.0,1091.0,1132.0,1091.0,1132.0,1091.0,1
493624,2026-03-08,4,S,1,1111.0,1072.0,1111.0,1072.0,1111.0,1072.0,1
493624,2026-03-08,4,D,2,2418.0,2394.0,1209.0,1197.0,1194.0,1179.0,1
493624,2026-03-08,4,D,2,2347.0,2238.0,1173.5,1119.0,1155.0,1115.0,1
487676,2025-09-21,4,DS,1,1346.0,1625.0,1346.0,1625.0,1346.0,1625.0,0
487676,2025-09-21,4,DS,1,1306.0,1333.0,1306.0,1333.0,1306.0,1333.0,0
487676,2025-09-21,4,HS,1,1637.0,1681.0,1637.0,1681.0,1637.0,1681.0,1
487676,2025-09-21,4,HS,1,1619.0,1547.0,1619.0,1547.0,1619.0,1547.0,1
487676,2025-09-21,4,DD,2,2500.0,2551.0,1250.0,1275.5,1230.0,1272.0,0
487676,2025-09-21,4,HD,2,3080.0,2856.0,1540.0,1428.0,1515.0,1411.0,1
487679,2025-09-21,4,MD,2,2258.0,2253.0,1129.0,1126.5,1073.0,1050.0,1
487679,2025-09-21,4,DS,1,1431.0,1583.0,1431.0,1583.0,1431.0,1583.0,1
487679,2025-09-21,4,HS,1,1619.0,1596.0,1619.0,1596.0,1619.0,1596.0,0
487679,2025-09-21,4,DD,2,2518.0,2684.0,1259.0,1342.0,1248.0,1334.0,0
487679,2025-09-21,4,HD,2,3080.0,2871.0,1540.0,1435.5,1515.0,1426.0,1
494399,2026-01-11,4,S,1,1064.0,1067.0,1064.0,1067.0,1064.0,1067.0,0
494399,2026-01-11,4,S,1,1062.0,1020.0,1062.0,1020.0,1062.0,1020.0,0
494402,2026-01-11,4,S,1,1067.0,1082.0,1067.0,1082.0,1067.0,1082.0,0
494402,2026-01-11,4,S,1,1020.0,1050.0,1020.0,1050.0,1020.0,1050.0,0
494407,2026-02-22,4,D,2,2190.0,2096.0,1095.0,1048.0,1050.0,1046.0,0
494409,2026-02-22,4,S,1,1070.0,1041.0,1070.0,1041.0,1070.0,1041.0,1
494409,2026-02-22,4,S,1,1050.0,1030.0,1050.0,1030.0,1050.0,1030.0,1
494409,2026-02-22,4,D,2,2177.0,2096.0,1088.5,1048.0,1075.0,1046.0,0
494413,2026-03-22,4,S,1,1128.0,1050.0,1128.0,1050.0,1128.0,1050.0,1
494413,2026-03-22,4,S,1,1121.0,1044.0,1121.0,1044.0,1121.0,1044.0,1
494413,2026-03-22,4,S,1,1102.0,1031.0,1102.0,1031.0,1102.0,1031.0,1
494413,2026-03-22,4,D,2,2221.0,2160.0,1110.5,1080.0,1105.0,1078.0,1
494413,2026-03-22,4,D,2,2197.0,2100.0,1098.5,1050.0,1064.0,1050.0,1
487689,2025-09-21,4,MD,2,2285.0,2294.0,1142.5,1147.0,1069.0,1109.0,0
487689,2025-09-21,4,MD,2,2280.0,2279.0,1140.0,1139.5,1087.0,1125.0,1
487689,2025-09-21,4,DS,1,1241.0,1286.0,1241.0,1286.0,1241.0,1286.0,0
487689,2025-09-21,4,DS,1,1209.0,1270.0,1209.0,1270.0,1209.0,1270.0,0
487689,2025-09-21,4,HS,1,1538.0,1440.0,1538.0,1440.0,1538.0,1440.0,1
487689,2025-09-21,4,HS,1,1519.0,1385.0,1519.0,1385.0,1519.0,1385.0,1
487689,2025-09-21,4,DD,2,2375.0,2482.0,1187.5,1241.0,1145.0,1231.0,0
487689,2025-09-21,4,HD,2,2896.0,2571.0,1448.0,1285.5,1431.0,1233.0,1
487689,2025-09-21,4,MD,2,2280.0,2294.0,1140.0,1147.0,1087.0,1109.0,0
487691,2025-09-21,4,DS,1,1189.0,1209.0,1189.0,1209.0,1189.0,1209.0,1
487691,2025-09-21,4,DS,1,1178.0,1195.0,1178.0,1195.0,1178.0,1195.0,0
487691,2025-09-21,4,HS,1,1495.0,1538.0,1495.0,1538.0,1495.0,1538.0,0
487691,2025-09-21,4,HS,1,1476.0,1465.0,1476.0,1465.0,1476.0,1465.0,1
487691,2025-09-21,4,DD,2,2365.0,2415.0,1182.5,1207.5,1173.0,1185.0,1
487691,2025-09-21,4,HD,2,2844.0,2921.0,1422.0,1460.5,1408.0,1456.0,0
487692,2025-09-21,4,DS,1,1075.0,1256.0,1075.0,1256.0,1075.0,1256.0,0
487692,2025-09-21,4,DS,1,1142.0,1219.0,1142.0,1219.0,1142.0,1219.0,0
487692,2025-09-21,4,HS,1,1452.0,1371.0,1452.0,1371.0,1452.0,1371.0,1
487692,2025-09-21,4,HS,1,1220.0,1230.0,1220.0,1230.0,1220.0,1230.0,1
487692,2025-09-21,4,HD,2,2529.0,2436.0,1264.5,1218.0,1146.0,1208.0,1
487694,2025-09-21,4,DS,1,1256.0,1201.0,1256.0,1201.0,1256.0,1201.0,1
487694,2025-09-21,4,DS,1,1219.0,1050.0,1219.0,1050.0,1219.0,1050.0,1
487694,2025-09-21,4,HS,1,1371.0,1235.0,1371.0,1235.0,1371.0,1235.0,1
487694,2025-09-21,4,HS,1,1230.0,1220.0,1230.0,1220.0,1230.0,1220.0,1
487694,2025-09-21,4,HD,2,2436.0,2305.0,1218.0,1152.5,1208.0,1125.0,0
487695,2025-09-21,4,DS,1,1119.0,1183.0,1119.0,1183.0,1119.0,1183.0,0
487695,2025-09-21,4,DS,1,1075.0,1112.0,1075.0,1112.0,1075.0,1112.0,1
487695,2025-09-21,4,HS,1,1260.0,1198.0,1260.0,1198.0,1260.0,1198.0,1
487695,2025-09-21,4,HS,1,1260.0,1125.0,1260.0,1125.0,1260.0,1125.0,0
487695,2025-09-21,4,DD,2,2210.0,2353.0,1105.0,1176.5,1081.0,1167.0,0
487695,2025-09-21,4,HD,2,2366.0,2323.0,1183.0,1161.5,1158.0,1125.0,1
487698,2025-09-21,4,DS,1,1119.0,1146.0,1119.0,1146.0,1119.0,1146.0,0
487698,2025-09-21,4,DS,1,1075.0,1050.0,1075.0,1050.0,1075.0,1050.0,1
487698,2025-09-21,4,HS,1,1260.0,1128.0,1260.0,1128.0,1260.0,1128.0,1
487698,2025-09-21,4,HS,1,1231.0,1125.0,1231.0,1125.0,1231.0,1125.0,1
487698,2025-09-21,4,DD,2,2210.0,2166.0,1105.0,1083.0,1081.0,1075.0,1
487698,2025-09-21,4,HD,2,2338.0,2310.0,1169.0,1155.0,1158.0,1133.0,1
506122,2026-04-11,5,S,1,2041.0,1932.0,2041.0,1932.0,2041.0,1932.0,1
506122,2026-04-11,5,S,1,1813.0,1886.0,1813.0,1886.0,1813.0,1886.0,1
506122,2026-04-11,5,S,1,1808.0,1747.0,1808.0,1747.0,1808.0,1747.0,1
506122,2026-04-11,5,S,1,1407.0,1708.0,1407.0,1708.0,1407.0,1708.0,0
506122,2026-04-11,5,D,2,3246.0,3326.0,1623.0,1663.0,1560.0,1620.0,1
506122,2026-04-11,5,D,2,3066.0,3167.0,1533.0,1583.5,1334.0,1524.0,0
506124,2026-04-11,5,S,1,1737.0,2041.0,1737.0,2041.0,1737.0,2041.0,0
506124,2026-04-11,5,S,1,1658.0,1813.0,1658.0,1813.0,1658.0,1813.0,0
506124,2026-04-11,5,S,1,1618.0,1745.0,1618.0,1745.0,1618.0,1745.0,0
506124,2026-04-11,5,S,1,1581.0,1407.0,1581.0,1407.0,1581.0,1407.0,0
506124,2026-04-11,5,D,2,3296.0,3130.0,1648.0,1565.0,1573.0,1444.0,0
506124,2026-04-11,5,D,2,3176.0,3066.0,1588.0,1533.0,1493.0,1334.0,0
506126,2026-04-11,5,S,1,2041.0,1726.0,2041.0,1726.0,2041.0,1726.0,1
506126,2026-04-11,5,S,1,1813.0,1691.0,1813.0,1691.0,1813.0,1691.0,1
506126,2026-04-11,5,S,1,1745.0,1585.0,1745.0,1585.0,1745.0,1585.0,1
506126,2026-04-11,5,S,1,1407.0,1497.0,1407.0,1497.0,1407.0,1497.0,1
506126,2026-04-11,5,D,2,3130.0,3149.0,1565.0,1574.5,1444.0,1536.0,1
506126,2026-04-11,5,D,2,3066.0,3142.0,1533.0,1571.0,1334.0,1525.0,1
506729,2026-04-12,5,S,1,1831.0,2041.0,1831.0,2041.0,1831.0,2041.0,1
506729,2026-04-12,5,S,1,1745.0,1813.0,1745.0,1813.0,1745.0,1813.0,0
506729,2026-04-12,5,S,1,1688.0,1808.0,1688.0,1808.0,1688.0,1808.0,1
506729,2026-04-12,5,S,1,1550.0,1407.0,1550.0,1407.0,1550.0,1407.0,0
506729,2026-04-12,5,D,2,3123.0,3418.0,1561.5,1709.0,1524.0,1686.0,0
506729,2026-04-12,5,D,2,3085.0,2894.0,1542.5,1447.0,1517.0,1334.0,0
506730,2026-04-12,5,S,1,1835.0,2041.0,1835.0,2041.0,1835.0,2041.0,0
506730,2026-04-12,5,S,1,1821.0,1808.0,1821.0,1808.0,1821.0,1808.0,1
506730,2026-04-12,5,S,1,1769.0,1745.0,1769.0,1745.0,1769.0,1745.0,1
506730,2026-04-12,5,S,1,1762.0,1407.0,1762.0,1407.0,1762.0,1407.0,1
506730,2026-04-12,5,D,2,3414.0,3176.0,1707.0,1588.0,1677.0,1444.0,1
506730,2026-04-12,5,D,2,3405.0,2894.0,1702.5,1447.0,1664.0,1334.0,1
487794,2025-10-26,5,MD,2,2918.0,2647.0,1459.0,1323.5,1210.0,1100.0,1
487794,2025-10-26,5,MD,2,2680.0,2588.0,1340.0,1294.0,1324.0,1164.0,0
487794,2025-10-26,5,DS,1,1835.0,1667.0,1835.0,1667.0,1835.0,1667.0,1
487794,2025-10-26,5,DS,1,1655.0,1529.0,1655.0,1529.0,1655.0,1529.0,1
487794,2025-10-26,5,HS,1,1884.0,2018.0,1884.0,2018.0,1884.0,2018.0,1
487794,2025-10-26,5,HS,1,1759.0,1806.0,1759.0,1806.0,1759.0,1806.0,1
487794,2025-10-26,5,DD,2,2937.0,2699.0,1468.5,1349.5,1415.0,1289.0,1
487794,2025-10-26,5,HD,2,3109.0,3195.0,1554.5,1597.5,1499.0,1564.0,0
487796,2025-11-16,5,MD,2,3061.0,2647.0,1530.5,1323.5,1445.0,1100.0,1
487796,2025-11-16,5,DS,1,1689.0,1669.0,1689.0,1669.0,1689.0,1669.0,0
487796,2025-11-16,5,DS,1,1403.0,1521.0,1403.0,1521.0,1403.0,1521.0,0
487796,2025-11-16,5,HS,1,1673.0,1998.0,1673.0,1998.0,1673.0,1998.0,0
487796,2025-11-16,5,HS,1,1583.0,1774.0,1583.0,1774.0,1583.0,1774.0,0
487796,2025-11-16,5,DD,2,3038.0,2687.0,1519.0,1343.5,1514.0,1282.0,1
487796,2025-11-16,5,HD,2,3218.0,3199.0,1609.0,1599.5,1521.0,1565.0,0
487798,2025-12-07,5,MD,2,2647.0,2503.0,1323.5,1251.5,1100.0,1083.0,0
487798,2025-12-07,5,DS,1,1682.0,1632.0,1682.0,1632.0,1682.0,1632.0,1
487798,2025-12-07,5,DS,1,1593.0,1461.0,1593.0,1461.0,1593.0,1461.0,1
487798,2025-12-07,5,HS,1,2010.0,1838.0,2010.0,1838.0,2010.0,1838.0,1
487798,2025-12-07,5,HS,1,1766.0,1765.0,1766.0,1765.0,1766.0,1765.0,0
487798,2025-12-07,5,DD,2,2738.0,2970.0,1369.0,1485.0,1350.0,1368.0,0
487798,2025-12-07,5,HD,2,3284.0,3430.0,1642.0,1715.0,1641.0,1619.0,0
487801,2026-01-11,5,MD,2,2593.0,2672.0,1296.5,1336.0,1224.0,1206.0,1
487801,2026-01-11,5,MD,2,2346.0,2299.0,1173.0,1149.5,1100.0,1100.0,0
487801,2026-01-11,5,DS,1,1652.0,1662.0,1652.0,1662.0,1652.0,1662.0,0
487801,2026-01-11,5,DS,1,1285.0,1591.0,1285.0,1591.0,1285.0,1591.0,0
487801,2026-01-11,5,HS,1,2010.0,1993.0,2010.0,1993.0,2010.0,1993.0,1
487801,2026-01-11,5,HS,1,1530.0,1704.0,1530.0,1704.0,1530.0,1704.0,0
487801,2026-01-11,5,DD,2,2666.0,2724.0,1333.0,1362.0,1264.0,1351.0,0
487801,2026-01-11,5,HD,2,2763.0,3249.0,1381.5,1624.5,1313.0,1615.0,0
487804,2026-02-01,5,MD,2,2692.0,2797.0,1346.0,1398.5,1216.0,1388.0,1
487804,2026-02-01,5,MD,2,2661.0,2709.0,1330.5,1354.5,1114.0,1292.0,0
487804,2026-02-01,5,DS,1,1723.0,1707.0,1723.0,1707.0,1723.0,1707.0,1
487804,2026-02-01,5,DS,1,1597.0,1624.0,1597.0,1624.0,1597.0,1624.0,0
487804,2026-02-01,5,HS,1,2005.0,2097.0,2005.0,2097.0,2005.0,2097.0,0
487804,2026-02-01,5,HS,1,1758.0,1967.0,1758.0,1967.0,1758.0,1967.0,0
487804,2026-02-01,5,DD,2,2797.0,2779.0,1398.5,1389.5,1365.0,1365.0,0
487804,2026-02-01,5,HD,2,3305.0,3391.0,1652.5,1695.5,1641.0,1577.0,1
487807,2026-03-08,5,MD,2,2728.0,2801.0,1364.0,1400.5,1234.0,1285.0,1
487807,2026-03-08,5,MD,2,2661.0,2793.0,1330.5,1396.5,1114.0,1388.0,0
487807,2026-03-08,5,DS,1,1737.0,1933.0,1737.0,1933.0,1737.0,1933.0,0
487807,2026-03-08,5,DS,1,1617.0,1619.0,1617.0,1619.0,1617.0,1619.0,1
487807,2026-03-08,5,HS,1,2001.0,2193.0,2001.0,2193.0,2001.0,2193.0,0
487807,2026-03-08,5,HS,1,1758.0,2127.0,1758.0,2127.0,1758.0,2127.0,0
487807,2026-03-08,5,DD,2,2807.0,3201.0,1403.5,1600.5,1375.0,1543.0,0
487807,2026-03-08,5,HD,2,3337.0,3541.0,1668.5,1770.5,1657.0,1714.0,0
506201,2026-04-11,5,S,1,1347.0,1438.0,1347.0,1438.0,1347.0,1438.0,0
506201,2026-04-11,5,S,1,1315.0,1414.0,1315.0,1414.0,1315.0,1414.0,0
506201,2026-04-11,5,S,1,1314.0,1390.0,1314.0,1390.0,1314.0,1390.0,0
506201,2026-04-11,5,S,1,1179.0,1358.0,1179.0,1358.0,1179.0,1358.0,0
506201,2026-04-11,5,D,2,2643.0,2798.0,1321.5,1399.0,1320.0,1352.0,0
506201,2026-04-11,5,D,2,2599.0,2688.0,1299.5,1344.0,1285.0,1273.0,0
506202,2026-04-11,5,S,1,1589.0,1484.0,1589.0,1484.0,1589.0,1484.0,1
506202,2026-04-11,5,S,1,1438.0,1341.0,1438.0,1341.0,1438.0,1341.0,1
506202,2026-04-11,5,S,1,1390.0,1275.0,1390.0,1275.0,1390.0,1275.0,1
506202,2026-04-11,5,S,1,1358.0,1227.0,1358.0,1227.0,1358.0,1227.0,1
506202,2026-04-11,5,D,2,2719.0,2635.0,1359.5,1317.5,1273.0,1295.0,1
506202,2026-04-11,5,D,2,2729.0,2598.0,1364.5,1299.0,1314.0,1275.0,1
506659,2026-04-12,5,S,1,1589.0,1392.0,1589.0,1392.0,1589.0,1392.0,1
506659,2026-04-12,5,S,1,1438.0,1497.0,1438.0,1497.0,1438.0,1497.0,1
506659,2026-04-12,5,S,1,1414.0,1422.0,1414.0,1422.0,1414.0,1422.0,1
506659,2026-04-12,5,S,1,1390.0,1312.0,1390.0,1312.0,1390.0,1312.0,1
506659,2026-04-12,5,D,2,2719.0,2707.0,1359.5,1353.5,1273.0,1331.0,1
506659,2026-04-12,5,D,2,2729.0,2658.0,1364.5,1329.0,1314.0,1313.0,1
506661,2026-04-12,5,S,1,1589.0,1494.0,1589.0,1494.0,1589.0,1494.0,1
506661,2026-04-12,5,S,1,1438.0,1400.0,1438.0,1400.0,1438.0,1400.0,1
506661,2026-04-12,5,S,1,1414.0,1259.0,1414.0,1259.0,1414.0,1259.0,1
506661,2026-04-12,5,S,1,1390.0,1552.0,1390.0,1552.0,1390.0,1552.0,1
506661,2026-04-12,5,D,2,2719.0,2621.0,1359.5,1310.5,1273.0,1266.0,1
506661,2026-04-12,5,D,2,2729.0,2711.0,1364.5,1355.5,1314.0,1276.0,0
493884,2025-10-05,5,S,1,1924.0,1710.0,1924.0,1710.0,1924.0,1710.0,1
493884,2025-10-05,5,S,1,1656.0,1675.0,1656.0,1675.0,1656.0,1675.0,1
493884,2025-10-05,5,S,1,1565.0,1612.0,1565.0,1612.0,1565.0,1612.0,0
493884,2025-10-05,5,D,2,3124.0,3358.0,1562.0,1679.0,1503.0,1516.0,0
493887,2025-10-05,5,S,1,1677.0,1924.0,1677.0,1924.0,1677.0,1924.0,0
493887,2025-10-05,5,S,1,1641.0,1656.0,1641.0,1656.0,1641.0,1656.0,0
493887,2025-10-05,5,S,1,1485.0,1565.0,1485.0,1565.0,1485.0,1565.0,0
493887,2025-10-05,5,D,2,2900.0,3124.0,1450.0,1562.0,1408.0,1503.0,0
493897,2025-12-07,5,S,1,1728.0,1580.0,1728.0,1580.0,1728.0,1580.0,0
493897,2025-12-07,5,S,1,1703.0,1556.0,1703.0,1556.0,1703.0,1556.0,1
493897,2025-12-07,5,S,1,1604.0,1549.0,1604.0,1549.0,1604.0,1549.0,1
493897,2025-12-07,5,D,2,3043.0,3018.0,1521.5,1509.0,1507.0,1488.0,1
493905,2026-01-11,5,S,1,1686.0,1696.0,1686.0,1696.0,1686.0,1696.0,0
493905,2026-01-11,5,S,1,1622.0,1590.0,1622.0,1590.0,1622.0,1590.0,0
493905,2026-01-11,5,S,1,1566.0,1589.0,1566.0,1589.0,1566.0,1589.0,1
493905,2026-01-11,5,D,2,2687.0,2979.0,1343.5,1489.5,1317.0,1408.0,1
493907,2026-01-11,5,S,1,1696.0,1523.0,1696.0,1523.0,1696.0,1523.0,1
493907,2026-01-11,5,S,1,1590.0,1497.0,1590.0,1497.0,1590.0,1497.0,1
493907,2026-01-11,5,S,1,1589.0,1322.0,1589.0,1322.0,1589.0,1322.0,1
493907,2026-01-11,5,D,2,2979.0,2417.0,1489.5,1208.5,1408.0,1189.0,1
493915,2026-02-22,5,S,1,1678.0,1727.0,1678.0,1727.0,1678.0,1727.0,0
493915,2026-02-22,5,S,1,1637.0,1713.0,1637.0,1713.0,1637.0,1713.0,1
493915,2026-02-22,5,S,1,1422.0,1617.0,1422.0,1617.0,1422.0,1617.0,0
493915,2026-02-22,5,D,2,2800.0,2958.0,1400.0,1479.0,1294.0,1415.0,0
493917,2026-02-22,5,S,1,1727.0,1474.0,1727.0,1474.0,1727.0,1474.0,1
493917,2026-02-22,5,S,1,1713.0,1414.0,1713.0,1414.0,1713.0,1414.0,1
493917,2026-02-22,5,S,1,1617.0,1392.0,1617.0,1392.0,1617.0,1392.0,1
493917,2026-02-22,5,D,2,2958.0,2697.0,1479.0,1348.5,1415.0,1345.0,1
493926,2026-03-22,5,S,1,1781.0,1690.0,1781.0,1690.0,1781.0,1690.0,1
493926,2026-03-22,5,S,1,1770.0,1682.0,1770.0,1682.0,1770.0,1682.0,1
493926,2026-03-22,5,S,1,1634.0,1667.0,1634.0,1667.0,1634.0,1667.0,1
493926,2026-03-22,5,S,1,1465.0,1540.0,1465.0,1540.0,1465.0,1540.0,1
493926,2026-03-22,5,D,2,3224.0,2952.0,1612.0,1476.0,1564.0,1457.0,1
493926,2026-03-22,5,D,2,2999.0,2884.0,1499.5,1442.0,1436.0,1400.0,0
493927,2026-03-22,5,S,1,1920.0,1781.0,1920.0,1781.0,1920.0,1781.0,1
493927,2026-03-22,5,S,1,1852.0,1770.0,1852.0,1770.0,1852.0,1770.0,0
493927,2026-03-22,5,S,1,1728.0,1634.0,1728.0,1634.0,1728.0,1634.0,0
493927,2026-03-22,5,S,1,1579.0,1465.0,1579.0,1465.0,1579.0,1465.0,1
493927,2026-03-22,5,D,2,3599.0,3224.0,1799.5,1612.0,1729.0,1564.0,1
493927,2026-03-22,5,D,2,2917.0,2999.0,1458.5,1499.5,1305.0,1436.0,1
506719,2026-04-11,5,MD,2,2369.0,2355.0,1184.5,1177.5,1160.0,1165.0,0
506719,2026-04-11,5,DS,1,1310.0,1328.0,1310.0,1328.0,1310.0,1328.0,0
506719,2026-04-11,5,DS,1,1305.0,1183.0,1305.0,1183.0,1305.0,1183.0,1
506719,2026-04-11,5,HS,1,1612.0,1345.0,1612.0,1345.0,1612.0,1345.0,0
506719,2026-04-11,5,HS,1,1588.0,1228.0,1588.0,1228.0,1588.0,1228.0,1
506719,2026-04-11,5,DD,2,2178.0,2254.0,1089.0,1127.0,1087.0,1097.0,1
506719,2026-04-11,5,HD,2,2929.0,2491.0,1464.5,1245.5,1383.0,1241.0,1
506720,2026-04-11,5,MD,2,2356.0,2551.0,1178.0,1275.5,1167.0,1252.0,0
506720,2026-04-11,5,MD,2,2282.0,2340.0,1141.0,1170.0,1122.0,1131.0,0
506720,2026-04-11,5,DS,1,1310.0,1388.0,1310.0,1388.0,1310.0,1388.0,0
506720,2026-04-11,5,DS,1,1305.0,1328.0,1305.0,1328.0,1305.0,1328.0,0
506720,2026-04-11,5,HS,1,1588.0,1496.0,1588.0,1496.0,1588.0,1496.0,0
506720,2026-04-11,5,HS,1,1471.0,1241.0,1471.0,1241.0,1471.0,1241.0,1
506720,2026-04-11,5,DD,2,2178.0,2642.0,1089.0,1321.0,1087.0,1271.0,0
506720,2026-04-11,5,HD,2,3038.0,2775.0,1519.0,1387.5,1492.0,1238.0,1
506721,2026-04-12,5,MD,2,2573.0,2369.0,1286.5,1184.5,1250.0,1160.0,1
506721,2026-04-12,5,MD,2,2656.0,2289.0,1328.0,1144.5,1306.0,1122.0,1
506721,2026-04-12,5,DS,1,1449.0,1310.0,1449.0,1310.0,1449.0,1310.0,1
506721,2026-04-12,5,DS,1,1423.0,1305.0,1423.0,1305.0,1423.0,1305.0,1
506721,2026-04-12,5,HS,1,1548.0,1612.0,1548.0,1612.0,1548.0,1612.0,1
506721,2026-04-12,5,HS,1,1488.0,1588.0,1488.0,1588.0,1488.0,1588.0,1
506721,2026-04-12,5,DD,2,2685.0,2178.0,1342.5,1089.0,1257.0,1087.0,1
506721,2026-04-12,5,HD,2,2636.0,3038.0,1318.0,1519.0,1242.0,1492.0,0
506724,2026-04-12,5,MD,2,2369.0,2551.0,1184.5,1275.5,1160.0,1252.0,0
506724,2026-04-12,5,MD,2,2289.0,2340.0,1144.5,1170.0,1122.0,1131.0,1
506724,2026-04-12,5,DS,1,1310.0,1388.0,1310.0,1388.0,1310.0,1388.0,0
506724,2026-04-12,5,DS,1,1305.0,1328.0,1305.0,1328.0,1305.0,1328.0,1
506724,2026-04-12,5,HS,1,1612.0,1496.0,1612.0,1496.0,1612.0,1496.0,0
506724,2026-04-12,5,HS,1,1588.0,1241.0,1588.0,1241.0,1588.0,1241.0,1
506724,2026-04-12,5,DD,2,2178.0,2642.0,1089.0,1321.0,1087.0,1271.0,0
506724,2026-04-12,5,HD,2,3038.0,2775.0,1519.0,1387.5,1492.0,1238.0,1
489556,2025-10-05,5,MD,2,2301.0,2452.0,1150.5,1226.0,1126.0,1214.0,1
489556,2025-10-05,5,DS,1,1257.0,1350.0,1257.0,1350.0,1257.0,1350.0,0
489556,2025-10-05,5,DS,1,1221.0,1306.0,1221.0,1306.0,1221.0,1306.0,0
489556,2025-10-05,5,HS,1,1491.0,1340.0,1491.0,1340.0,1491.0,1340.0,1
489556,2025-10-05,5,HS,1,1512.0,1245.0,1512.0,1245.0,1512.0,1245.0,1
489556,2025-10-05,5,DD,2,2166.0,2630.0,1083.0,1315.0,1075.0,1267.0,0
489556,2025-10-05,5,HD,2,2632.0,2419.0,1316.0,1209.5,1258.0,1175.0,1
489558,2025-10-26,5,MD,2,2345.0,2341.0,1172.5,1170.5,1170.0,1146.0,0
489558,2025-10-26,5,MD,2,2332.0,2290.0,1166.0,1145.0,1089.0,1099.0,0
489558,2025-10-26,5,DS,1,1297.0,1253.0,1297.0,1253.0,1297.0,1253.0,1
489558,2025-10-26,5,DS,1,1178.0,1249.0,1178.0,1249.0,1178.0,1249.0,0
489558,2025-10-26,5,HS,1,1347.0,1500.0,1347.0,1500.0,1347.0,1500.0,0
489558,2025-10-26,5,HS,1,1320.0,1519.0,1320.0,1519.0,1320.0,1519.0,0
489558,2025-10-26,5,DD,2,2328.0,2246.0,1164.0,1123.0,1108.0,1091.0,1
489558,2025-10-26,5,HD,2,2594.0,2652.0,1297.0,1326.0,1291.0,1268.0,0
489560,2025-11-16,5,DS,1,1247.0,1394.0,1247.0,1394.0,1247.0,1394.0,0
489560,2025-11-16,5,DS,1,1217.0,1254.0,1217.0,1254.0,1217.0,1254.0,0
489560,2025-11-16,5,HS,1,1477.0,1386.0,1477.0,1386.0,1477.0,1386.0,0
489560,2025-11-16,5,HS,1,1528.0,1349.0,1528.0,1349.0,1528.0,1349.0,1
489560,2025-11-16,5,DD,2,2166.0,2611.0,1083.0,1305.5,1075.0,1254.0,0
489560,2025-11-16,5,HD,2,2834.0,2571.0,1417.0,1285.5,1385.0,1217.0,1
489566,2025-12-07,5,MD,2,2328.0,2453.0,1164.0,1226.5,1119.0,1192.0,0
489566,2025-12-07,5,DS,1,1318.0,1282.0,1318.0,1282.0,1318.0,1282.0,0
489566,2025-12-07,5,DS,1,1245.0,1160.0,1245.0,1160.0,1245.0,1160.0,1
489566,2025-12-07,5,HS,1,1515.0,1481.0,1515.0,1481.0,1515.0,1481.0,1
489566,2025-12-07,5,HS,1,1495.0,1452.0,1495.0,1452.0,1495.0,1452.0,1
489566,2025-12-07,5,DD,2,2341.0,2398.0,1170.5,1199.0,1075.0,1165.0,0
489566,2025-12-07,5,HD,2,2906.0,2768.0,1453.0,1384.0,1421.0,1362.0,0
489569,2026-01-11,5,MD,2,2295.0,2691.0,1147.5,1345.5,1077.0,1288.0,1
489569,2026-01-11,5,DS,1,1371.0,1361.0,1371.0,1361.0,1371.0,1361.0,0
489569,2026-01-11,5,DS,1,1256.0,1343.0,1256.0,1343.0,1256.0,1343.0,0
489569,2026-01-11,5,HS,1,1536.0,1579.0,1536.0,1579.0,1536.0,1579.0,0
489569,2026-01-11,5,HS,1,1511.0,1395.0,1511.0,1395.0,1511.0,1395.0,1
489569,2026-01-11,5,DD,2,2336.0,2558.0,1168.0,1279.0,1075.0,1224.0,0
489569,2026-01-11,5,HD,2,2760.0,2551.0,1380.0,1275.5,1333.0,1205.0,1
489573,2026-02-01,5,MD,2,2500.0,2369.0,1250.0,1184.5,1192.0,1160.0,1
489573,2026-02-01,5,MD,2,2524.0,2361.0,1262.0,1180.5,1104.0,1119.0,0
489573,2026-02-01,5,DS,1,1378.0,1288.0,1378.0,1288.0,1378.0,1288.0,1
489573,2026-02-01,5,DS,1,1257.0,1252.0,1257.0,1252.0,1257.0,1252.0,0
489573,2026-02-01,5,HS,1,1491.0,1530.0,1491.0,1530.0,1491.0,1530.0,0
489573,2026-02-01,5,HS,1,1299.0,1529.0,1299.0,1529.0,1299.0,1529.0,0
489573,2026-02-01,5,DD,2,2529.0,2166.0,1264.5,1083.0,1246.0,1075.0,1
489573,2026-02-01,5,HD,2,2617.0,2928.0,1308.5,1464.0,1276.0,1437.0,0
489576,2026-02-01,5,MD,2,2693.0,2369.0,1346.5,1184.5,1260.0,1160.0,1
489576,2026-02-01,5,DS,1,1382.0,1288.0,1382.0,1288.0,1382.0,1288.0,1
489576,2026-02-01,5,DS,1,1265.0,1252.0,1265.0,1252.0,1265.0,1252.0,0
489576,2026-02-01,5,HS,1,1459.0,1530.0,1459.0,1530.0,1459.0,1530.0,0
489576,2026-02-01,5,HS,1,1400.0,1529.0,1400.0,1529.0,1400.0,1529.0,0
489576,2026-02-01,5,DD,2,2368.0,2166.0,1184.0,1083.0,1125.0,1075.0,1
489576,2026-02-01,5,HD,2,2898.0,2928.0,1449.0,1464.0,1434.0,1437.0,0
493929,2025-10-05,5,S,1,1461.0,1435.0,1461.0,1435.0,1461.0,1435.0,0
493929,2025-10-05,5,S,1,1377.0,1299.0,1377.0,1299.0,1377.0,1299.0,1
493929,2025-10-05,5,S,1,1175.0,1184.0,1175.0,1184.0,1175.0,1184.0,1
493929,2025-10-05,5,D,2,2535.0,2441.0,1267.5,1220.5,1184.0,1175.0,1
493929,2025-10-05,5,D,2,2390.0,2382.0,1195.0,1191.0,1175.0,1175.0,1
493936,2025-12-07,5,S,1,1328.0,1424.0,1328.0,1424.0,1328.0,1424.0,0
493936,2025-12-07,5,S,1,1322.0,1337.0,1322.0,1337.0,1322.0,1337.0,0
493936,2025-12-07,5,S,1,1283.0,1323.0,1283.0,1323.0,1283.0,1323.0,0
493936,2025-12-07,5,S,1,1280.0,1273.0,1280.0,1273.0,1280.0,1273.0,0
493936,2025-12-07,5,D,2,2506.0,2673.0,1253.0,1336.5,1142.0,1269.0,0
493936,2025-12-07,5,D,2,2460.0,2463.0,1230.0,1231.5,1218.0,1197.0,0
493937,2025-12-07,5,S,1,1424.0,1463.0,1424.0,1463.0,1424.0,1463.0,0
493937,2025-12-07,5,S,1,1337.0,1237.0,1337.0,1237.0,1337.0,1237.0,1
493937,2025-12-07,5,S,1,1323.0,1219.0,1323.0,1219.0,1323.0,1219.0,1
493937,2025-12-07,5,S,1,1273.0,1159.0,1273.0,1159.0,1273.0,1159.0,1
493937,2025-12-07,5,D,2,2673.0,2462.0,1336.5,1231.0,1269.0,1209.0,1
493940,2026-02-01,5,S,1,1443.0,1631.0,1443.0,1631.0,1443.0,1631.0,0
493940,2026-02-01,5,S,1,1359.0,1380.0,1359.0,1380.0,1359.0,1380.0,1
493940,2026-02-01,5,S,1,1346.0,1354.0,1346.0,1354.0,1346.0,1354.0,1
493940,2026-02-01,5,S,1,1199.0,1304.0,1199.0,1304.0,1199.0,1304.0,0
493940,2026-02-01,5,D,2,2605.0,2729.0,1302.5,1364.5,1290.0,1306.0,0
493940,2026-02-01,5,D,2,2435.0,2450.0,1217.5,1225.0,1215.0,1222.0,0
493941,2026-02-01,5,S,1,1269.0,1443.0,1269.0,1443.0,1269.0,1443.0,0
493941,2026-02-01,5,S,1,1249.0,1359.0,1249.0,1359.0,1249.0,1359.0,0
493941,2026-02-01,5,S,1,1226.0,1346.0,1226.0,1346.0,1226.0,1346.0,0
493941,2026-02-01,5,S,1,1220.0,1199.0,1220.0,1199.0,1220.0,1199.0,1
493941,2026-02-01,5,D,2,2428.0,2605.0,1214.0,1302.5,1207.0,1290.0,0
493941,2026-02-01,5,D,2,2400.0,2435.0,1200.0,1217.5,1161.0,1215.0,0
493944,2026-03-08,5,S,1,1467.0,1426.0,1467.0,1426.0,1467.0,1426.0,1
493944,2026-03-08,5,S,1,1312.0,1381.0,1312.0,1381.0,1312.0,1381.0,1
493944,2026-03-08,5,S,1,1275.0,1346.0,1275.0,1346.0,1275.0,1346.0,0
493944,2026-03-08,5,S,1,1200.0,1192.0,1200.0,1192.0,1200.0,1192.0,1
493944,2026-03-08,5,D,2,2356.0,2587.0,1178.0,1293.5,1109.0,1244.0,1
493945,2026-03-22,5,S,1,1461.0,1269.0,1461.0,1269.0,1461.0,1269.0,1
493945,2026-03-22,5,S,1,1420.0,1247.0,1420.0,1247.0,1420.0,1247.0,1
493945,2026-03-22,5,S,1,1369.0,1236.0,1369.0,1236.0,1369.0,1236.0,1
493945,2026-03-22,5,S,1,1186.0,1222.0,1186.0,1222.0,1186.0,1222.0,1
493945,2026-03-22,5,D,2,2761.0,2448.0,1380.5,1224.0,1343.0,1221.0,1
493945,2026-03-22,5,D,2,2655.0,2400.0,1327.5,1200.0,1277.0,1161.0,1
493947,2026-03-22,5,S,1,1364.0,1461.0,1364.0,1461.0,1364.0,1461.0,1
493947,2026-03-22,5,S,1,1274.0,1369.0,1274.0,1369.0,1274.0,1369.0,0
493947,2026-03-22,5,S,1,1175.0,1358.0,1175.0,1358.0,1175.0,1358.0,0
493947,2026-03-22,5,D,2,2404.0,2695.0,1202.0,1347.5,1201.0,1277.0,0
493967,2025-10-05,5,S,1,1212.0,1177.0,1212.0,1177.0,1212.0,1177.0,1
493968,2025-10-05,5,S,1,1177.0,1222.0,1177.0,1222.0,1177.0,1222.0,1
493968,2025-10-05,5,S,1,1175.0,1175.0,1175.0,1175.0,1175.0,1175.0,0
493968,2025-10-05,5,S,1,1175.0,1175.0,1175.0,1175.0,1175.0,1175.0,0
493968,2025-10-05,5,D,2,2350.0,2412.0,1175.0,1206.0,1175.0,1175.0,0
493968,2025-10-05,5,D,2,2350.0,2371.0,1175.0,1185.5,1175.0,1175.0,0
493978,2025-10-26,5,S,1,1203.0,1199.0,1203.0,1199.0,1203.0,1199.0,0
493978,2025-10-26,5,S,1,1187.0,1190.0,1187.0,1190.0,1187.0,1190.0,0
493978,2025-10-26,5,S,1,1180.0,1175.0,1180.0,1175.0,1180.0,1175.0,1
493978,2025-10-26,5,S,1,1169.0,1225.0,1169.0,1225.0,1169.0,1225.0,0
493978,2025-10-26,5,D,2,2350.0,2389.0,1175.0,1194.5,1175.0,1188.0,0
493978,2025-10-26,5,D,2,2350.0,2300.0,1175.0,1150.0,1175.0,1125.0,0
493979,2025-10-26,5,S,1,1226.0,1203.0,1226.0,1203.0,1226.0,1203.0,1
493979,2025-10-26,5,S,1,1205.0,1187.0,1205.0,1187.0,1205.0,1187.0,1
493979,2025-10-26,5,S,1,1203.0,1180.0,1203.0,1180.0,1203.0,1180.0,1
493979,2025-10-26,5,S,1,1200.0,1169.0,1200.0,1169.0,1200.0,1169.0,1
493979,2025-10-26,5,D,2,2464.0,2350.0,1232.0,1175.0,1201.0,1175.0,1
493979,2025-10-26,5,D,2,2419.0,2350.0,1209.5,1175.0,1199.0,1175.0,1
493985,2025-12-07,5,S,1,1295.0,1327.0,1295.0,1327.0,1295.0,1327.0,0
493985,2025-12-07,5,S,1,1287.0,1215.0,1287.0,1215.0,1287.0,1215.0,1
493985,2025-12-07,5,S,1,1250.0,1174.0,1250.0,1174.0,1250.0,1174.0,1
493985,2025-12-07,5,D,2,2384.0,2498.0,1192.0,1249.0,1181.0,1245.0,1
493987,2025-12-07,5,S,1,1234.0,1327.0,1234.0,1327.0,1234.0,1327.0,1
493987,2025-12-07,5,S,1,1193.0,1215.0,1193.0,1215.0,1193.0,1215.0,0
493987,2025-12-07,5,S,1,1177.0,1174.0,1177.0,1174.0,1177.0,1174.0,1
493987,2025-12-07,5,S,1,1131.0,1188.0,1131.0,1188.0,1131.0,1188.0,1
493987,2025-12-07,5,D,2,2401.0,2498.0,1200.5,1249.0,1199.0,1245.0,0
493987,2025-12-07,5,D,2,2374.0,2350.0,1187.0,1175.0,1175.0,1175.0,1
493991,2026-01-11,5,S,1,1337.0,1297.0,1337.0,1297.0,1337.0,1297.0,0
493991,2026-01-11,5,S,1,1324.0,1189.0,1324.0,1189.0,1324.0,1189.0,1
493991,2026-01-11,5,S,1,1291.0,1166.0,1291.0,1166.0,1291.0,1166.0,1
493991,2026-01-11,5,S,1,1150.0,1164.0,1150.0,1164.0,1150.0,1164.0,1
493991,2026-01-11,5,D,2,2556.0,2411.0,1278.0,1205.5,1276.0,1189.0,0
493991,2026-01-11,5,HD,2,2463.0,2377.0,1231.5,1188.5,1183.0,1188.0,1
493993,2026-01-11,5,S,1,1297.0,1209.0,1297.0,1209.0,1297.0,1209.0,1
493993,2026-01-11,5,S,1,1189.0,1170.0,1189.0,1170.0,1189.0,1170.0,1
493993,2026-01-11,5,S,1,1166.0,1153.0,1166.0,1153.0,1166.0,1153.0,1
493993,2026-01-11,5,S,1,1164.0,1092.0,1164.0,1092.0,1164.0,1092.0,1
493993,2026-01-11,5,D,2,2411.0,2341.0,1205.5,1170.5,1189.0,1166.0,1
493993,2026-01-11,5,D,2,2376.0,2266.0,1188.0,1133.0,1188.0,1100.0,1
493998,2026-02-22,5,S,1,1189.0,1262.0,1189.0,1262.0,1189.0,1262.0,0
493998,2026-02-22,5,S,1,1176.0,1175.0,1176.0,1175.0,1176.0,1175.0,1
493998,2026-02-22,5,S,1,1168.0,1170.0,1168.0,1170.0,1168.0,1170.0,1
493998,2026-02-22,5,S,1,1145.0,1154.0,1145.0,1154.0,1145.0,1154.0,1
493998,2026-02-22,5,D,2,2428.0,2431.0,1214.0,1215.5,1214.0,1188.0,0
493998,2026-02-22,5,D,2,2350.0,2303.0,1175.0,1151.5,1175.0,1115.0,1
494003,2026-03-22,5,S,1,1182.0,1186.0,1182.0,1186.0,1182.0,1186.0,0
494003,2026-03-22,5,S,1,1196.0,1173.0,1196.0,1173.0,1196.0,1173.0,1
494003,2026-03-22,5,S,1,1135.0,1190.0,1135.0,1190.0,1135.0,1190.0,0
494003,2026-03-22,5,S,1,1077.0,1182.0,1077.0,1182.0,1077.0,1182.0,0
494003,2026-03-22,5,D,2,2366.0,2433.0,1183.0,1216.5,1166.0,1189.0,1
494003,2026-03-22,5,D,2,2266.0,2428.0,1133.0,1214.0,1100.0,1214.0,0
494004,2026-03-22,5,S,1,1397.0,1186.0,1397.0,1186.0,1397.0,1186.0,1
494004,2026-03-22,5,S,1,1389.0,1173.0,1389.0,1173.0,1389.0,1173.0,1
494004,2026-03-22,5,S,1,1244.0,1190.0,1244.0,1190.0,1244.0,1190.0,1
494004,2026-03-22,5,S,1,1162.0,1182.0,1162.0,1182.0,1162.0,1182.0,0
494004,2026-03-22,5,D,2,2566.0,2433.0,1283.0,1216.5,1268.0,1189.0,1
494004,2026-03-22,5,D,2,2423.0,2428.0,1211.5,1214.0,1161.0,1214.0,1
494085,2025-10-26,5,S,1,1354.0,1175.0,1354.0,1175.0,1354.0,1175.0,0
494085,2025-10-26,5,S,1,1287.0,1175.0,1287.0,1175.0,1287.0,1175.0,1
494085,2025-10-26,5,S,1,1276.0,1175.0,1276.0,1175.0,1276.0,1175.0,1
494085,2025-10-26,5,S,1,1204.0,1175.0,1204.0,1175.0,1204.0,1175.0,1
494085,2025-10-26,5,D,2,2380.0,2350.0,1190.0,1175.0,1175.0,1175.0,1
494085,2025-10-26,5,D,2,2398.0,2350.0,1199.0,1175.0,1175.0,1175.0,1
494087,2025-10-26,5,S,1,1195.0,1175.0,1195.0,1175.0,1195.0,1175.0,0
494087,2025-10-26,5,S,1,1175.0,1175.0,1175.0,1175.0,1175.0,1175.0,1
494087,2025-10-26,5,S,1,1175.0,1175.0,1175.0,1175.0,1175.0,1175.0,1
494087,2025-10-26,5,S,1,1075.0,1175.0,1075.0,1175.0,1075.0,1175.0,1
494087,2025-10-26,5,D,2,2350.0,2350.0,1175.0,1175.0,1175.0,1175.0,0
494087,2025-10-26,5,D,2,2260.0,2350.0,1130.0,1175.0,1075.0,1175.0,1
494089,2025-11-16,5,S,1,1278.0,1213.0,1278.0,1213.0,1278.0,1213.0,0
494089,2025-11-16,5,S,1,1179.0,1165.0,1179.0,1165.0,1179.0,1165.0,1
494089,2025-11-16,5,S,1,1175.0,1163.0,1175.0,1163.0,1175.0,1163.0,1
494089,2025-11-16,5,D,2,2350.0,2378.0,1175.0,1189.0,1175.0,1189.0,1
494090,2025-11-16,5,S,1,1430.0,1213.0,1430.0,1213.0,1430.0,1213.0,1
494090,2025-11-16,5,S,1,1261.0,1174.0,1261.0,1174.0,1261.0,1174.0,1
494090,2025-11-16,5,S,1,1226.0,1163.0,1226.0,1163.0,1226.0,1163.0,1
494090,2025-11-16,5,D,2,2306.0,2350.0,1153.0,1175.0,1153.0,1175.0,1
494098,2025-12-07,5,S,1,1269.0,1200.0,1269.0,1200.0,1269.0,1200.0,1
494098,2025-12-07,5,S,1,1167.0,1183.0,1167.0,1183.0,1167.0,1183.0,1
494098,2025-12-07,5,S,1,1152.0,1181.0,1152.0,1181.0,1152.0,1181.0,0
494098,2025-12-07,5,D,2,2392.0,2380.0,1196.0,1190.0,1189.0,1179.0,1
494100,2025-12-07,5,S,1,1269.0,1213.0,1269.0,1213.0,1269.0,1213.0,1
494100,2025-12-07,5,S,1,1167.0,1210.0,1167.0,1210.0,1167.0,1210.0,1
494100,2025-12-07,5,S,1,1152.0,1147.0,1152.0,1147.0,1152.0,1147.0,0
494100,2025-12-07,5,D,2,2364.0,2406.0,1182.0,1203.0,1175.0,1203.0,0
494106,2026-02-01,5,S,1,1443.0,1351.0,1443.0,1351.0,1443.0,1351.0,1
494106,2026-02-01,5,S,1,1209.0,1312.0,1209.0,1312.0,1209.0,1312.0,0
494106,2026-02-01,5,S,1,1181.0,1218.0,1181.0,1218.0,1181.0,1218.0,0
494106,2026-02-01,5,S,1,1159.0,1194.0,1159.0,1194.0,1159.0,1194.0,0
494106,2026-02-01,5,D,2,2445.0,2484.0,1222.5,1242.0,1215.0,1233.0,0
494106,2026-02-01,5,D,2,2362.0,2468.0,1181.0,1234.0,1175.0,1220.0,0
494107,2026-02-01,5,S,1,1129.0,1443.0,1129.0,1443.0,1129.0,1443.0,0
494107,2026-02-01,5,S,1,1124.0,1209.0,1124.0,1209.0,1124.0,1209.0,0
494107,2026-02-01,5,S,1,1081.0,1181.0,1081.0,1181.0,1081.0,1181.0,0
494107,2026-02-01,5,S,1,1097.0,1151.0,1097.0,1151.0,1097.0,1151.0,0
494107,2026-02-01,5,D,2,2333.0,2432.0,1166.5,1216.0,1153.0,1202.0,0
494107,2026-02-01,5,D,2,2253.0,2402.0,1126.5,1201.0,1089.0,1187.0,0
494112,2026-03-08,5,S,1,1394.0,1528.0,1394.0,1528.0,1394.0,1528.0,0
494112,2026-03-08,5,S,1,1334.0,1205.0,1334.0,1205.0,1334.0,1205.0,1
494112,2026-03-08,5,S,1,1236.0,1176.0,1236.0,1176.0,1236.0,1176.0,1
494112,2026-03-08,5,S,1,1197.0,1159.0,1197.0,1159.0,1197.0,1159.0,1
494112,2026-03-08,5,D,2,2529.0,2459.0,1264.5,1229.5,1256.0,1229.0,1
494112,2026-03-08,5,D,2,2475.0,2376.0,1237.5,1188.0,1236.0,1187.0,1
494114,2026-03-08,5,S,1,1291.0,1528.0,1291.0,1528.0,1291.0,1528.0,0
494114,2026-03-08,5,S,1,1228.0,1205.0,1228.0,1205.0,1228.0,1205.0,1
494114,2026-03-08,5,S,1,1193.0,1153.0,1193.0,1153.0,1193.0,1153.0,1
494114,2026-03-08,5,S,1,1149.0,1159.0,1149.0,1159.0,1149.0,1159.0,1
494114,2026-03-08,5,D,2,2463.0,2416.0,1231.5,1208.0,1228.0,1187.0,1
494114,2026-03-08,5,D,2,2357.0,2419.0,1178.5,1209.5,1151.0,1189.0,1
494116,2026-03-22,5,S,1,1224.0,1546.0,1224.0,1546.0,1224.0,1546.0,0
494116,2026-03-22,5,S,1,1186.0,1195.0,1186.0,1195.0,1186.0,1195.0,1
494116,2026-03-22,5,S,1,1185.0,1171.0,1185.0,1171.0,1185.0,1171.0,1
494116,2026-03-22,5,S,1,1170.0,1147.0,1170.0,1147.0,1170.0,1147.0,1
494116,2026-03-22,5,D,2,2437.0,2459.0,1218.5,1229.5,1195.0,1229.0,1
494116,2026-03-22,5,D,2,2330.0,2362.0,1165.0,1181.0,1155.0,1175.0,1
494117,2026-03-22,5,S,1,1546.0,1129.0,1546.0,1129.0,1546.0,1129.0,1
494117,2026-03-22,5,S,1,1171.0,1136.0,1171.0,1136.0,1171.0,1136.0,1
494117,2026-03-22,5,S,1,1147.0,1077.0,1147.0,1077.0,1147.0,1077.0,1
494117,2026-03-22,5,S,1,1151.0,1097.0,1151.0,1097.0,1151.0,1097.0,0
494117,2026-03-22,5,D,2,2417.0,2369.0,1208.5,1184.5,1187.0,1180.0,1
494117,2026-03-22,5,D,2,2377.0,2253.0,1188.5,1126.5,1175.0,1089.0,1
487719,2025-09-21,5,MD,2,2647.0,2574.0,1323.5,1287.0,1100.0,1164.0,0
487719,2025-09-21,5,MD,2,2548.0,2516.0,1274.0,1258.0,1144.0,1243.0,0
487719,2025-09-21,5,DS,1,1697.0,1788.0,1697.0,1788.0,1697.0,1788.0,0
487719,2025-09-21,5,DS,1,1503.0,1527.0,1503.0,1527.0,1503.0,1527.0,1
487719,2025-09-21,5,HS,1,1944.0,2067.0,1944.0,2067.0,1944.0,2067.0,0
487719,2025-09-21,5,HS,1,1664.0,2023.0,1664.0,2023.0,1664.0,2023.0,0
487719,2025-09-21,5,DD,2,2615.0,2935.0,1307.5,1467.5,1245.0,1388.0,0
487719,2025-09-21,5,HD,2,3075.0,3235.0,1537.5,1617.5,1503.0,1537.0,0
487720,2025-09-21,5,MD,2,2642.0,2647.0,1321.0,1323.5,1300.0,1100.0,1
487720,2025-09-21,5,DS,1,1536.0,1697.0,1536.0,1697.0,1536.0,1697.0,1
487720,2025-09-21,5,DS,1,1376.0,1503.0,1376.0,1503.0,1376.0,1503.0,0
487720,2025-09-21,5,HS,1,2067.0,1944.0,2067.0,1944.0,2067.0,1944.0,1
487720,2025-09-21,5,HS,1,2063.0,1664.0,2063.0,1664.0,2063.0,1664.0,1
487720,2025-09-21,5,HD,2,3139.0,3075.0,1569.5,1537.5,1500.0,1503.0,1
491814,2025-10-26,5,DS,1,1075.0,1211.0,1075.0,1211.0,1075.0,1211.0,0
491814,2025-10-26,5,DS,1,1075.0,1178.0,1075.0,1178.0,1075.0,1178.0,0
491814,2025-10-26,5,DS,1,1104.0,1075.0,1104.0,1075.0,1104.0,1075.0,1
492201,2026-02-01,5,DS,1,1085.0,1116.0,1085.0,1116.0,1085.0,1116.0,0
492201,2026-02-01,5,DS,1,1084.0,1069.0,1084.0,1069.0,1084.0,1069.0,1
492201,2026-02-01,5,DS,1,1074.0,1075.0,1074.0,1075.0,1074.0,1075.0,1
492201,2026-02-01,5,DD,2,2191.0,2256.0,1095.5,1128.0,1090.0,1075.0,1
492203,2026-02-01,5,DS,1,1116.0,1109.0,1116.0,1109.0,1116.0,1109.0,0
492203,2026-02-01,5,DS,1,1069.0,1177.0,1069.0,1177.0,1069.0,1177.0,0
492203,2026-02-01,5,DS,1,1075.0,1038.0,1075.0,1038.0,1075.0,1038.0,0
492203,2026-02-01,5,DD,2,2256.0,2249.0,1128.0,1124.5,1075.0,1119.0,0
487724,2025-09-21,5,MD,2,2301.0,2322.0,1150.5,1161.0,1098.0,1113.0,1
487724,2025-09-21,5,DS,1,1381.0,1245.0,1381.0,1245.0,1381.0,1245.0,1
487724,2025-09-21,5,DS,1,1380.0,1235.0,1380.0,1235.0,1380.0,1235.0,1
487724,2025-09-21,5,HS,1,1459.0,1552.0,1459.0,1552.0,1459.0,1552.0,0
487724,2025-09-21,5,HS,1,1165.0,1435.0,1165.0,1435.0,1165.0,1435.0,0
487724,2025-09-21,5,DD,2,2667.0,2166.0,1333.5,1083.0,1327.0,1075.0,1
487724,2025-09-21,5,HD,2,2707.0,2456.0,1353.5,1228.0,1231.0,1175.0,0
487724,2025-09-21,5,MD,2,2301.0,2322.0,1150.5,1161.0,1098.0,1113.0,1
487725,2025-09-21,5,MD,2,2322.0,2271.0,1161.0,1135.5,1113.0,1075.0,1
487725,2025-09-21,5,DS,1,1245.0,1270.0,1245.0,1270.0,1245.0,1270.0,1
487725,2025-09-21,5,DS,1,1235.0,1162.0,1235.0,1162.0,1235.0,1162.0,0
487725,2025-09-21,5,HS,1,1552.0,1416.0,1552.0,1416.0,1552.0,1416.0,1
487725,2025-09-21,5,HS,1,1435.0,1217.0,1435.0,1217.0,1435.0,1217.0,1
487725,2025-09-21,5,DD,2,2166.0,2299.0,1083.0,1149.5,1075.0,1107.0,0
487725,2025-09-21,5,HD,2,2651.0,2588.0,1325.5,1294.0,1175.0,1282.0,1
494334,2025-10-05,18,S,1,1642.0,1355.0,1642.0,1355.0,1642.0,1355.0,1
494334,2025-10-05,18,S,1,1430.0,1237.0,1430.0,1237.0,1430.0,1237.0,1
494334,2025-10-05,18,S,1,1245.0,1225.0,1245.0,1225.0,1245.0,1225.0,1
494334,2025-10-05,18,S,1,1225.0,1225.0,1225.0,1225.0,1225.0,1225.0,1
494335,2025-10-05,18,S,1,1355.0,1454.0,1355.0,1454.0,1355.0,1454.0,1
494335,2025-10-05,18,S,1,1237.0,1380.0,1237.0,1380.0,1237.0,1380.0,1
494335,2025-10-05,18,S,1,1225.0,1156.0,1225.0,1156.0,1225.0,1156.0,0
494335,2025-10-05,18,D,2,2556.0,2833.0,1278.0,1416.5,1253.0,1412.0,0
494336,2025-10-26,18,S,1,1428.0,1386.0,1428.0,1386.0,1428.0,1386.0,0
494336,2025-10-26,18,S,1,1230.0,1370.0,1230.0,1370.0,1230.0,1370.0,0
494336,2025-10-26,18,S,1,1225.0,1253.0,1225.0,1253.0,1225.0,1253.0,0
494336,2025-10-26,18,S,1,1225.0,1388.0,1225.0,1388.0,1225.0,1388.0,0
494336,2025-10-26,18,D,2,2673.0,2556.0,1336.5,1278.0,1225.0,1253.0,0
494336,2025-10-26,18,D,2,2450.0,2482.0,1225.0,1241.0,1225.0,1229.0,0
494337,2025-10-26,18,S,1,1386.0,1537.0,1386.0,1537.0,1386.0,1537.0,0
494337,2025-10-26,18,S,1,1370.0,1507.0,1370.0,1507.0,1370.0,1507.0,0
494337,2025-10-26,18,S,1,1253.0,1424.0,1253.0,1424.0,1253.0,1424.0,0
494337,2025-10-26,18,S,1,1388.0,1403.0,1388.0,1403.0,1388.0,1403.0,0
494337,2025-10-26,18,D,2,2556.0,2867.0,1278.0,1433.5,1253.0,1418.0,0
494337,2025-10-26,18,D,2,2482.0,2577.0,1241.0,1288.5,1229.0,1263.0,0
494347,2026-02-22,18,S,1,1660.0,1416.0,1660.0,1416.0,1660.0,1416.0,1
494347,2026-02-22,18,S,1,1590.0,1451.0,1590.0,1451.0,1590.0,1451.0,1
494347,2026-02-22,18,S,1,1422.0,1554.0,1422.0,1554.0,1422.0,1554.0,0
494347,2026-02-22,18,S,1,1362.0,1386.0,1362.0,1386.0,1362.0,1386.0,1
494347,2026-02-22,18,D,2,2959.0,2974.0,1479.5,1487.0,1428.0,1460.0,1
494347,2026-02-22,18,D,2,2615.0,2566.0,1307.5,1283.0,1250.0,1225.0,1
494348,2026-02-22,18,S,1,1416.0,1739.0,1416.0,1739.0,1416.0,1739.0,0
494348,2026-02-22,18,S,1,1451.0,1417.0,1451.0,1417.0,1451.0,1417.0,0
494348,2026-02-22,18,S,1,1386.0,1342.0,1386.0,1342.0,1386.0,1342.0,1
494348,2026-02-22,18,S,1,1207.0,1207.0,1207.0,1207.0,1207.0,1207.0,0
494348,2026-02-22,18,D,2,2974.0,2804.0,1487.0,1402.0,1460.0,1218.0,1
494348,2026-02-22,18,D,2,2550.0,2479.0,1275.0,1239.5,1225.0,1210.0,0
492293,2025-10-26,18,S,1,1199.0,1298.0,1199.0,1298.0,1199.0,1298.0,0
492293,2025-10-26,18,S,1,1200.0,1225.0,1200.0,1225.0,1200.0,1225.0,1
492293,2025-10-26,18,S,1,1115.0,1225.0,1115.0,1225.0,1115.0,1225.0,1
492293,2025-10-26,18,S,1,1100.0,1200.0,1100.0,1200.0,1100.0,1200.0,0
492293,2025-10-26,18,D,2,2317.0,2465.0,1158.5,1232.5,1117.0,1225.0,1
492136,2025-11-16,18,S,1,1235.0,1309.0,1235.0,1309.0,1235.0,1309.0,0
492136,2025-11-16,18,S,1,1227.0,1215.0,1227.0,1215.0,1227.0,1215.0,1
492136,2025-11-16,18,S,1,1219.0,1198.0,1219.0,1198.0,1219.0,1198.0,0
492136,2025-11-16,18,D,2,2453.0,2437.0,1226.5,1218.5,1214.0,1197.0,1
492138,2025-11-16,18,S,1,1309.0,1412.0,1309.0,1412.0,1309.0,1412.0,0
492138,2025-11-16,18,S,1,1215.0,1163.0,1215.0,1163.0,1215.0,1163.0,0
492138,2025-11-16,18,S,1,1198.0,1159.0,1198.0,1159.0,1198.0,1159.0,1
492138,2025-11-16,18,D,2,2465.0,2487.0,1232.5,1243.5,1225.0,1225.0,0
492141,2026-01-11,18,S,1,1321.0,1361.0,1321.0,1361.0,1321.0,1361.0,1
492141,2026-01-11,18,S,1,1301.0,1297.0,1301.0,1297.0,1301.0,1297.0,0
492141,2026-01-11,18,S,1,1207.0,1205.0,1207.0,1205.0,1207.0,1205.0,1
492141,2026-01-11,18,S,1,1188.0,1195.0,1188.0,1195.0,1188.0,1195.0,1
492141,2026-01-11,18,D,2,2568.0,2513.0,1284.0,1256.5,1261.0,1222.0,0
492141,2026-01-11,18,D,2,2418.0,2450.0,1209.0,1225.0,1204.0,1225.0,1
492142,2026-01-11,18,S,1,1361.0,1137.0,1361.0,1137.0,1361.0,1137.0,1
492142,2026-01-11,18,S,1,1297.0,1087.0,1297.0,1087.0,1297.0,1087.0,1
492142,2026-01-11,18,S,1,1205.0,1083.0,1205.0,1083.0,1205.0,1083.0,1
492142,2026-01-11,18,S,1,1195.0,1075.0,1195.0,1075.0,1195.0,1075.0,0
492142,2026-01-11,18,D,2,2513.0,2316.0,1256.5,1158.0,1222.0,1154.0,1
492142,2026-01-11,18,D,2,2450.0,2211.0,1225.0,1105.5,1225.0,1100.0,0
492154,2026-02-22,18,S,1,1475.0,1280.0,1475.0,1280.0,1475.0,1280.0,1
492154,2026-02-22,18,S,1,1401.0,1244.0,1401.0,1244.0,1401.0,1244.0,1
492154,2026-02-22,18,S,1,1189.0,1242.0,1189.0,1242.0,1189.0,1242.0,0
492154,2026-02-22,18,S,1,1171.0,1202.0,1171.0,1202.0,1171.0,1202.0,0
492154,2026-02-22,18,D,2,2569.0,2523.0,1284.5,1261.5,1219.0,1249.0,0
492154,2026-02-22,18,D,2,2459.0,2471.0,1229.5,1235.5,1225.0,1223.0,0
492155,2026-02-22,18,S,1,1126.0,1475.0,1126.0,1475.0,1126.0,1475.0,0
492155,2026-02-22,18,S,1,1091.0,1401.0,1091.0,1401.0,1091.0,1401.0,0
492155,2026-02-22,18,S,1,1077.0,1189.0,1077.0,1189.0,1077.0,1189.0,0
492155,2026-02-22,18,S,1,1071.0,1171.0,1071.0,1171.0,1071.0,1171.0,1
492155,2026-02-22,18,D,2,2312.0,2569.0,1156.0,1284.5,1150.0,1219.0,0
492155,2026-02-22,18,D,2,2255.0,2459.0,1127.5,1229.5,1122.0,1225.0,0
492161,2026-03-08,18,S,1,1402.0,1340.0,1402.0,1340.0,1402.0,1340.0,1
492161,2026-03-08,18,S,1,1199.0,1336.0,1199.0,1336.0,1199.0,1336.0,0
492161,2026-03-08,18,S,1,1147.0,1234.0,1147.0,1234.0,1147.0,1234.0,0
492161,2026-03-08,18,S,1,1106.0,1233.0,1106.0,1233.0,1106.0,1233.0,0
492161,2026-03-08,18,D,2,2503.0,2664.0,1251.5,1332.0,1225.0,1325.0,0
492161,2026-03-08,18,D,2,2436.0,2525.0,1218.0,1262.5,1201.0,1241.0,0
492163,2026-03-08,18,S,1,1357.0,1402.0,1357.0,1402.0,1357.0,1402.0,0
492163,2026-03-08,18,S,1,1293.0,1199.0,1293.0,1199.0,1293.0,1199.0,1
492163,2026-03-08,18,S,1,1241.0,1147.0,1241.0,1147.0,1241.0,1147.0,1
492163,2026-03-08,18,S,1,1188.0,1106.0,1188.0,1106.0,1188.0,1106.0,1
492163,2026-03-08,18,D,2,2611.0,2503.0,1305.5,1251.5,1302.0,1225.0,1
492163,2026-03-08,18,D,2,2539.0,2436.0,1269.5,1218.0,1181.0,1201.0,1
487734,2025-09-21,18,DS,1,1149.0,1142.0,1149.0,1142.0,1149.0,1142.0,0
487734,2025-09-21,18,HS,1,1380.0,1377.0,1380.0,1377.0,1380.0,1377.0,0
487734,2025-09-21,18,HS,1,1327.0,1308.0,1327.0,1308.0,1327.0,1308.0,1
487734,2025-09-21,18,HD,2,2450.0,2463.0,1225.0,1231.5,1225.0,1225.0,1
487735,2025-09-21,18,DS,1,1125.0,1149.0,1125.0,1149.0,1125.0,1149.0,1
487735,2025-09-21,18,HS,1,1374.0,1380.0,1374.0,1380.0,1374.0,1380.0,0
487735,2025-09-21,18,HS,1,1321.0,1327.0,1321.0,1327.0,1321.0,1327.0,0
