"link-id","linktype","navn","første dato","sidste dato","antal profiler","antal rækker"
"5,,,,,,487676,","HoldTurnering","Uge 38 - U13 A, 6000 (2+2) #487676","20-09-2025","20-09-2025","3","3"
"5,,,,,,487678,","HoldTurnering","Uge 38 - U13 A, 6000 (2+2) #487678","20-09-2025","20-09-2025","1","1"
"5,,,,,,487679,","HoldTurnering","Uge 38 - U13 A, 6000 (2+2) #487679","20-09-2025","20-09-2025","2","2"
"5,,,,,,487695,","HoldTurnering","Uge 38 - U13 D, 4800 (2+2) #487695","20-09-2025","20-09-2025","2","2"
"5,,,,,,487698,","HoldTurnering","Uge 38 - U13 D, 4800 (2+2) #487698","20-09-2025","20-09-2025","3","3"
"5,,,,,,487691,","HoldTurnering","Uge 38 - U13 B, 5400 (2+2) #487691","21-09-2025","21-09-2025","1","1"
"5,,,,,,487692,","HoldTurnering","Uge 38 - U13 C, 5000 (2+2) #487692","21-09-2025","21-09-2025","3","3"
"5,,,,,,487694,","HoldTurnering","Uge 38 - U13 C, 5000 (2+2) #487694","21-09-2025","21-09-2025","3","3"
"5,,,,,,487719,","HoldTurnering","Uge 38 - U15 A, 6800 (2+2) #487719","21-09-2025","21-09-2025","2","2"
"5,,,,,,487720,","HoldTurnering","Uge 38 - U15 A, 6800 (2+2) #487720","21-09-2025","21-09-2025","2","2"
"5,,,,,,487724,","HoldTurnering","Uge 38 - U15 C, 5400 (2+2) #487724","21-09-2025","21-09-2025","1","1"
"5,,,,,,487725,","HoldTurnering","Uge 38 - U15 C, 5400 (2+2) #487725","21-09-2025","21-09-2025","1","1"
"5,,,,,,492852,","HoldTurnering","U11 D 4600 (4 spillere) BD #492852","04-10-2025","04-10-2025","1","1"
"5,,,,,,492854,","HoldTurnering","U11 D 4600 (4 spillere) BD #492854","04-10-2025","04-10-2025","1","1"
"5,,,,,,492875,","HoldTurnering","U13 C 5300 (4 spillere) BD #492875","04-10-2025","04-10-2025","2","2"
"5,,,,,,493354,","HoldTurnering","U11 C-D 4800 (4 spillere) BD #493354","04-10-2025","04-10-2025","3","3"
"5,,,,,,493356,","HoldTurnering","U11 C-D 4800 (4 spillere) BD #493356","04-10-2025","04-10-2025","2","2"
"5,,,,,,493408,","HoldTurnering","U13 C 5300 (4 spillere) BD #493408","04-10-2025","04-10-2025","2","2"
"5,,,,,,488004,","HoldTurnering","U13 B, 5400 (2+2) #488004","05-10-2025","05-10-2025","1","1"
"5,,,,,,489556,","HoldTurnering","U15 C, 5400 (2+2) #489556","05-10-2025","05-10-2025","2","2"
"5,,,,,,490145,","HoldTurnering","U13 B, 5400 (2+2) #490145","05-10-2025","05-10-2025","1","1"
"5,,,,,,493884,","HoldTurnering","U15 B 6400 (4 spillere) BD #493884","05-10-2025","05-10-2025","1","1"
"5,,,,,,493885,","HoldTurnering","U15 B 6400 (4 spillere) BD #493885","05-10-2025","05-10-2025","1","1"
"5,,,,,,493887,","HoldTurnering","U15 B 6400 (4 spillere) BD #493887","05-10-2025","05-10-2025","2","2"
"5,,,,,,493929,","HoldTurnering","U15 C-D 5200 (4 spillere) BD #493929","05-10-2025","05-10-2025","1","1"
"5,,,,,,487794,","HoldTurnering","U15 A, 6800 (2+2) #487794","25-10-2025","25-10-2025","1","1"
"5,,,,,,491814,","HoldTurnering","U15 D, 4600 (4 piger) #491814","25-10-2025","25-10-2025","2","2"
"5,,,,,,487893,","HoldTurnering","U13 A, 6000 (2+2) #487893","26-10-2025","26-10-2025","1","1"
"5,,,,,,489558,","HoldTurnering","U15 C, 5400 (2+2) #489558","26-10-2025","26-10-2025","2","2"
"5,,,,,,491695,","HoldTurnering","U13 B, 5800 (4 spillere) #491695","26-10-2025","26-10-2025","1","1"
"5,,,,,,491697,","HoldTurnering","U13 B, 5800 (4 spillere) #491697","26-10-2025","26-10-2025","1","1"
"5,,,,,,494336,","HoldTurnering","C-D 5600 (4 spillere) BD #494336","26-10-2025","26-10-2025","1","1"
"5,,,,,,494337,","HoldTurnering","C-D 5600 (4 spillere) BD #494337","26-10-2025","26-10-2025","1","1"
"5,,,,,,489560,","HoldTurnering","U15 C, 5400 (2+2) #489560","15-11-2025","15-11-2025","2","2"
"5,,,,,,491702,","HoldTurnering","U13 B, 5800 (4 spillere) #491702","15-11-2025","15-11-2025","1","1"
"5,,,,,,487796,","HoldTurnering","U15 A, 6800 (2+2) #487796","16-11-2025","16-11-2025","1","1"
"5,,,,,,488009,","HoldTurnering","U13 B, 5400 (2+2) #488009","16-11-2025","16-11-2025","1","1"
"5,,,,,,490148,","HoldTurnering","U13 B, 5400 (2+2) #490148","16-11-2025","16-11-2025","1","1"
"5,,,,,,493363,","HoldTurnering","U11 C-D 4800 (4 spillere) BD #493363","16-11-2025","16-11-2025","2","2"
"5,,,,,,493365,","HoldTurnering","U11 C-D 4800 (4 spillere) BD #493365","16-11-2025","16-11-2025","3","3"
"5,,,,,,493415,","HoldTurnering","U13 C 5300 (4 spillere) BD #493415","16-11-2025","16-11-2025","2","2"
"5,,,,,,493416,","HoldTurnering","U13 C 5300 (4 spillere) BD #493416","16-11-2025","16-11-2025","3","3"
"5,,,,,,493985,","HoldTurnering","U15 D 5000 (4 spillere) BD #493985","06-12-2025","06-12-2025","2","2"
"5,,,,,,493987,","HoldTurnering","U15 D 5000 (4 spillere) BD #493987","06-12-2025","06-12-2025","2","2"
"5,,,,,,487798,","HoldTurnering","U15 A, 6800 (2+2) #487798","07-12-2025","07-12-2025","1","1"
"5,,,,,,489566,","HoldTurnering","U15 C, 5400 (2+2) #489566","07-12-2025","07-12-2025","2","2"
"5,,,,,,493266,","HoldTurnering","U11 D 4600 (4 spillere) BD #493266","07-12-2025","07-12-2025","1","1"
"5,,,,,,493267,","HoldTurnering","U11 D 4600 (4 spillere) BD #493267","07-12-2025","07-12-2025","1","1"
"5,,,,,,493610,","HoldTurnering","U13 D 4800 (4 spillere) BD #493610","07-12-2025","07-12-2025","1","1"
"5,,,,,,493897,","HoldTurnering","U15 B 6400 (4 spillere) BD #493897","07-12-2025","07-12-2025","2","2"
"5,,,,,,493936,","HoldTurnering","U15 C-D 5200 (4 spillere) BD #493936","07-12-2025","07-12-2025","1","1"
"5,,,,,,493937,","HoldTurnering","U15 C-D 5200 (4 spillere) BD #493937","07-12-2025","07-12-2025","1","1"
"5,,,,,,493371,","HoldTurnering","U11 C-D 4800 (4 spillere) BD #493371","10-01-2026","10-01-2026","3","3"
"5,,,,,,493373,","HoldTurnering","U11 C-D 4800 (4 spillere) BD #493373","10-01-2026","10-01-2026","2","2"
"5,,,,,,493418,","HoldTurnering","U13 C 5300 (4 spillere) BD #493418","10-01-2026","10-01-2026","3","3"
"5,,,,,,493420,","HoldTurnering","U13 C 5300 (4 spillere) BD #493420","10-01-2026","10-01-2026","2","2"
"5,,,,,,493615,","HoldTurnering","U13 D 4800 (4 spillere) BD #493615","10-01-2026","10-01-2026","1","1"
"5,,,,,,487801,","HoldTurnering","U15 A, 6800 (2+2) #487801","11-01-2026","11-01-2026","2","2"
"5,,,,,,489569,","HoldTurnering","U15 C, 5400 (2+2) #489569","11-01-2026","11-01-2026","1","1"
"5,,,,,,491705,","HoldTurnering","U13 B, 5800 (4 spillere) #491705","11-01-2026","11-01-2026","1","1"
"5,,,,,,492644,","HoldTurnering","U13 B, 5800 (4 spillere) #492644","11-01-2026","11-01-2026","1","1"
"5,,,,,,493905,","HoldTurnering","U15 B 6400 (4 spillere) BD #493905","11-01-2026","11-01-2026","1","1"
"5,,,,,,493907,","HoldTurnering","U15 B 6400 (4 spillere) BD #493907","11-01-2026","11-01-2026","1","1"
"5,,,,,,491718,","HoldTurnering","U13 B, 5800 (4 spillere) #491718","31-01-2026","31-01-2026","1","1"
"5,,,,,,493940,","HoldTurnering","U15 C-D 5200 (4 spillere) BD #493940","31-01-2026","31-01-2026","1","1"
"5,,,,,,493941,","HoldTurnering","U15 C-D 5200 (4 spillere) BD #493941","31-01-2026","31-01-2026","1","1"
"5,,,,,,499992,","HoldTurnering","U13 B, 5800 (4 spillere) #499992","31-01-2026","31-01-2026","1","1"
"5,,,,,,487804,","HoldTurnering","U15 A, 6800 (2+2) #487804","01-02-2026","01-02-2026","1","1"
"5,,,,,,489573,","HoldTurnering","U15 C, 5400 (2+2) #489573","01-02-2026","01-02-2026","1","1"
"5,,,,,,489576,","HoldTurnering","U15 C, 5400 (2+2) #489576","01-02-2026","01-02-2026","1","1"
"5,,,,,,490160,","HoldTurnering","U13 B, 5400 (2+2) #490160","01-02-2026","01-02-2026","1","1"
"5,,,,,,492738,","HoldTurnering","U11 4200 (4 piger) BD #492738","01-02-2026","01-02-2026","1","1"
"5,,,,,,492739,","HoldTurnering","U11 4200 (4 piger) BD #492739","01-02-2026","01-02-2026","1","1"
"5,,,,,,493378,","HoldTurnering","U11 C-D 4800 (4 spillere) BD #493378","21-02-2026","21-02-2026","3","3"
"5,,,,,,493620,","HoldTurnering","U13 D 4800 (4 spillere) BD #493620","21-02-2026","21-02-2026","1","1"
"5,,,,,,493915,","HoldTurnering","U15 B 6400 (4 spillere) BD #493915","21-02-2026","21-02-2026","2","2"
"5,,,,,,493917,","HoldTurnering","U15 B 6400 (4 spillere) BD #493917","21-02-2026","21-02-2026","2","2"
"5,,,,,,490161,","HoldTurnering","U13 B, 5400 (2+2) #490161","22-02-2026","22-02-2026","1","1"
"5,,,,,,490163,","HoldTurnering","U13 B, 5400 (2+2) #490163","22-02-2026","22-02-2026","1","1"
"5,,,,,,493422,","HoldTurnering","U13 C 5300 (4 spillere) BD #493422","22-02-2026","22-02-2026","1","1"
"5,,,,,,493424,","HoldTurnering","U13 C 5300 (4 spillere) BD #493424","22-02-2026","22-02-2026","1","1"
"5,,,,,,494347,","HoldTurnering","C-D 5600 (4 spillere) BD #494347","22-02-2026","22-02-2026","2","2"
"5,,,,,,494348,","HoldTurnering","C-D 5600 (4 spillere) BD #494348","22-02-2026","22-02-2026","2","2"
"5,,,,,,490157,","HoldTurnering","U13 B, 5400 (2+2) #490157","07-03-2026","07-03-2026","1","1"
"5,,,,,,493277,","HoldTurnering","U11 D 4600 (4 spillere) BD #493277","07-03-2026","07-03-2026","1","1"
"5,,,,,,493278,","HoldTurnering","U11 D 4600 (4 spillere) BD #493278","07-03-2026","07-03-2026","1","1"
"5,,,,,,493428,","HoldTurnering","U13 C 5300 (4 spillere) BD #493428","07-03-2026","07-03-2026","2","2"
"5,,,,,,493430,","HoldTurnering","U13 C 5300 (4 spillere) BD #493430","07-03-2026","07-03-2026","2","2"
"5,,,,,,487807,","HoldTurnering","U15 A, 6800 (2+2) #487807","08-03-2026","08-03-2026","1","1"
"5,,,,,,487914,","HoldTurnering","U13 A, 6000 (2+2) #487914","08-03-2026","08-03-2026","1","1"
"5,,,,,,492651,","HoldTurnering","U13 B, 5800 (4 spillere) #492651","08-03-2026","08-03-2026","1","1"
"5,,,,,,492652,","HoldTurnering","U13 B, 5800 (4 spillere) #492652","08-03-2026","08-03-2026","1","1"
"5,,,,,,493624,","HoldTurnering","U13 D 4800 (4 spillere) BD #493624","08-03-2026","08-03-2026","1","1"
"5,,,,,,493944,","HoldTurnering","U15 C-D 5200 (4 spillere) BD #493944","08-03-2026","08-03-2026","1","1"
"5,,,,,,505708,","HoldTurnering","U13 (4+3) #505708","17-03-2026","17-03-2026","1","1"
"5,,,,,,493920,","HoldTurnering","U15 B 6400 (4 spillere) BD #493920","22-03-2026","22-03-2026","1","1"
"5,,,,,,493921,","HoldTurnering","U15 B 6400 (4 spillere) BD #493921","22-03-2026","22-03-2026","1","1"
"5,,,,,,493926,","HoldTurnering","U15 B 6400 (4 spillere) BD #493926","22-03-2026","22-03-2026","3","3"
"5,,,,,,493927,","HoldTurnering","U15 B 6400 (4 spillere) BD #493927","22-03-2026","22-03-2026","3","3"
"5,,,,,,493945,","HoldTurnering","U15 C-D 5200 (4 spillere) BD #493945","22-03-2026","22-03-2026","1","1"
"5,,,,,,493947,","HoldTurnering","U15 C-D 5200 (4 spillere) BD #493947","22-03-2026","22-03-2026","1","1"
"5,,,,,,487688,","HoldTurnering","U13 (4+3) #487688","24-03-2026","24-03-2026","1","1"
"5,,,,,,505972,","HoldTurnering","DMU Hold U11C-D (4800) - 4 Spillere #505972","11-04-2026","11-04-2026","3","3"
"5,,,,,,505974,","HoldTurnering","DMU Hold U11C-D (4800) - 4 Spillere #505974","11-04-2026","11-04-2026","2","2"
"5,,,,,,505975,","HoldTurnering","DMU Hold U11C-D (4800) - 4 Spillere #505975","11-04-2026","11-04-2026","3","3"
"5,,,,,,506001,","HoldTurnering","DMU Hold U13 (4+3) #506001","11-04-2026","11-04-2026","1","1"
"5,,,,,,506023,","HoldTurnering","DMU Hold U13C-D (5000) - 4 Spillere #506023","11-04-2026","11-04-2026","2","2"
"5,,,,,,506025,","HoldTurnering","DMU Hold U13C-D (5000) - 4 Spillere #506025","11-04-2026","11-04-2026","3","3"
"5,,,,,,506027,","HoldTurnering","DMU Hold U13C-D (5000) - 4 Spillere #506027","11-04-2026","11-04-2026","2","2"
"5,,,,,,506122,","HoldTurnering","DMU Hold U15B (6400) - 4 Spillere #506122","11-04-2026","11-04-2026","2","2"
"5,,,,,,506124,","HoldTurnering","DMU Hold U15B (6400) - 4 Spillere #506124","11-04-2026","11-04-2026","2","2"
"5,,,,,,506126,","HoldTurnering","DMU Hold U15B (6400) - 4 Spillere #506126","11-04-2026","11-04-2026","2","2"
"5,,,,,,506201,","HoldTurnering","DMU Hold U15C-D (5200) - 4 Spillere #506201","11-04-2026","11-04-2026","1","1"
"5,,,,,,506202,","HoldTurnering","DMU Hold U15C-D (5200) - 4 Spillere #506202","11-04-2026","11-04-2026","1","1"
"5,,,,,,506461,","HoldTurnering","DMU Hold U13D (4800) - 4 Spillere #506461","11-04-2026","11-04-2026","1","1"
"5,,,,,,506465,","HoldTurnering","DMU Hold U13D (4800) - 4 Spillere #506465","11-04-2026","11-04-2026","1","1"
"5,,,,,,506483,","HoldTurnering","DMU Hold U13D (4800) - 4 Spillere #506483","11-04-2026","11-04-2026","1","1"
"5,,,,,,506563,","HoldTurnering","DMU Hold U13A 2+2 (6000) #506563","11-04-2026","11-04-2026","1","1"
"5,,,,,,506565,","HoldTurnering","DMU Hold U13A 2+2 (6000) #506565","11-04-2026","11-04-2026","1","1"
"5,,,,,,506566,","HoldTurnering","DMU Hold U13A 2+2 (6000) #506566","11-04-2026","11-04-2026","1","1"
"5,,,,,,506719,","HoldTurnering","DMU Hold U15C 2+2 (5400) #506719","11-04-2026","11-04-2026","1","1"
"5,,,,,,506720,","HoldTurnering","DMU Hold U15C 2+2 (5400) #506720","11-04-2026","11-04-2026","2","2"
"5,,,,,,505988,","HoldTurnering","DMU Hold U11C-D (4800) - 4 Spillere #505988","12-04-2026","12-04-2026","3","3"
"5,,,,,,505990,","HoldTurnering","DMU Hold U11C-D (4800) - 4 Spillere #505990","12-04-2026","12-04-2026","3","3"
"5,,,,,,506012,","HoldTurnering","DMU Hold U13 (4+3) #506012","12-04-2026","12-04-2026","1","1"
"5,,,,,,506361,","HoldTurnering","DMU Hold U13C-D (5000) - 4 Spillere #506361","12-04-2026","12-04-2026","3","3"
"5,,,,,,506363,","HoldTurnering","DMU Hold U13C-D (5000) - 4 Spillere #506363","12-04-2026","12-04-2026","2","2"
"5,,,,,,506490,","HoldTurnering","DMU Hold U13D (4800) - 4 Spillere #506490","12-04-2026","12-04-2026","1","1"
"5,,,,,,506492,","HoldTurnering","DMU Hold U13D (4800) - 4 Spillere #506492","12-04-2026","12-04-2026","1","1"
"5,,,,,,506571,","HoldTurnering","DMU Hold U13A 2+2 (6000) #506571","12-04-2026","12-04-2026","1","1"
"5,,,,,,506659,","HoldTurnering","DMU Hold U15C-D (5200) - 4 Spillere #506659","12-04-2026","12-04-2026","1","1"
"5,,,,,,506661,","HoldTurnering","DMU Hold U15C-D (5200) - 4 Spillere #506661","12-04-2026","12-04-2026","1","1"
"5,,,,,,506721,","HoldTurnering","DMU Hold U15C 2+2 (5400) #506721","12-04-2026","12-04-2026","1","1"
"5,,,,,,506724,","HoldTurnering","DMU Hold U15C 2+2 (5400) #506724","12-04-2026","12-04-2026","1","1"
"5,,,,,,506729,","HoldTurnering","DMU Hold U15B (6400) - 4 Spillere #506729","12-04-2026","12-04-2026","2","2"
"5,,,,,,506730,","HoldTurnering","DMU Hold U15B (6400) - 4 Spillere #506730","12-04-2026","12-04-2026","2","2"
"114395,","VisResultater","Værløse U13 A","17-08-2025","17-08-2025","2","7"
"114396,","VisResultater","Værløse U15 M","17-08-2025","17-08-2025","1","2"
"111130,","VisResultater","Greve U15 M","24-08-2025","24-08-2025","1","3"
"113350,","VisResultater","Humlebæk U15 A","24-08-2025","24-08-2025","1","2"
"113724,","VisResultater","Nr. Lyndelse U15 B","24-08-2025","24-08-2025","1","4"
"113866,","VisResultater","Lillerød U13 M","24-08-2025","24-08-2025","1","2"
"114670,","VisResultater","Humlebæk U15 B","24-08-2025","24-08-2025","1","2"
"109888,","VisResultater","Brøndby Strand U13 C","06-09-2025","06-09-2025","1","4"
"110275,","VisResultater","Dalum Hjallese BK U15 B","07-09-2025","07-09-2025","1","4"
"110668,","VisResultater","Køge U15 B","07-09-2025","07-09-2025","1","2"
"110669,","VisResultater","Køge U15 A","07-09-2025","07-09-2025","1","2"
"110693,","VisResultater","Køge U15 M","07-09-2025","07-09-2025","1","2"
"112518,","VisResultater","Solrød Strand U11 B","07-09-2025","07-09-2025","1","3"
"114777,","VisResultater","Badminton Danmark U13 M VICTOR LBS i Hinnerup/Hammel SØFTEN KIC U13MD-U15B","14-09-2025","14-09-2025","1","3"
"114778,","VisResultater","Badminton Danmark U15 M VICTOR LBS i Hinnerup/Hammel HAMMEL IC U15M-U17M-U19M- U17/U19A","14-09-2025","14-09-2025","1","3"
"112630,","VisResultater","Slangerup U11 B","21-09-2025","21-09-2025","1","4"
"112633,","VisResultater","Slangerup U13 A","21-09-2025","21-09-2025","1","3"
"114650,","VisResultater","Hvidovre HB2000 U15 B","21-09-2025","21-09-2025","1","3"
"114651,","VisResultater","Hvidovre HB2000 U15 C","21-09-2025","21-09-2025","1","4"
"111168,","VisResultater","Aarhus AB U13 M","28-09-2025","28-09-2025","1","3"
"113338,","VisResultater","Jyllinge U13 A","28-09-2025","28-09-2025","2","7"
"113339,","VisResultater","Jyllinge U13 B","28-09-2025","28-09-2025","1","2"
"113340,","VisResultater","Jyllinge U13 C","28-09-2025","28-09-2025","3","10"
"113342,","VisResultater","Jyllinge U15 A","28-09-2025","28-09-2025","1","2"
"113343,","VisResultater","Jyllinge U15 B","28-09-2025","28-09-2025","1","2"
"110600,","VisResultater","Skalborg SK U15 A","05-10-2025","05-10-2025","1","2"
"115037,","VisResultater","Herlev/Hjorten U13 B","11-10-2025","11-10-2025","1","4"
"115033,","VisResultater","Ledøje-Smørum U11 B","12-10-2025","12-10-2025","1","4"
"114866,","VisResultater","Badminton Danmark U11 B VICTOR DENMARK JUNIOR (U9CD, U11ABCD Korup)","18-10-2025","18-10-2025","1","5"
"114869,","VisResultater","Badminton Danmark U13 A VICTOR DENMARK JUNIOR (U13A Næsby)","18-10-2025","18-10-2025","2","7"
"114871,","VisResultater","Badminton Danmark U13 C VICTOR DENMARK JUNIOR (U13BCD Paarup on./Marienlyst to.)","18-10-2025","18-10-2025","1","4"
"114883,","VisResultater","Badminton Danmark U15 M VICTOR DENMARK JUNIOR (U15M Paarup/U15A Paarup to.-Næsby fr.)","18-10-2025","18-10-2025","1","3"
"109968,","VisResultater","Nordsjælland U15 B","02-11-2025","02-11-2025","1","3"
"111119,","VisResultater","Slagelse U15 A","02-11-2025","02-11-2025","2","4"
"111049,","VisResultater","Gladsaxe Søborg U11 B","09-11-2025","09-11-2025","1","2"
"111051,","VisResultater","Gladsaxe Søborg U11 D","09-11-2025","09-11-2025","1","4"
"111052,","VisResultater","Gladsaxe Søborg U13 B","09-11-2025","09-11-2025","2","6"
"111053,","VisResultater","Gladsaxe Søborg U13 C","09-11-2025","09-11-2025","2","8"
"112883,","VisResultater","KMB2010 U15 M","09-11-2025","09-11-2025","1","3"
"112884,","VisResultater","KMB2010 U15 A","09-11-2025","09-11-2025","1","3"
"113358,","VisResultater","Holte U13 A","09-11-2025","09-11-2025","1","3"
"112335,","VisResultater","Næstved-Herlufsholm U15 M","23-11-2025","23-11-2025","1","3"
"114421,","VisResultater","Værløse U13 B","23-11-2025","23-11-2025","1","4"
"114424,","VisResultater","Værløse U15 B","23-11-2025","23-11-2025","2","7"
"114425,","VisResultater","Værløse U15 C","23-11-2025","23-11-2025","1","3"
"114501,","VisResultater","Aabenraa U15 A","23-11-2025","23-11-2025","1","3"
"115284,","VisResultater","Næstved-Herlufsholm U13 B","23-11-2025","23-11-2025","2","6"
"109852,","VisResultater","Badminton København U11 D KMU 2025","30-11-2025","30-11-2025","1","3"
"109855,","VisResultater","Badminton København U13 C KMU 2025","30-11-2025","30-11-2025","1","2"
"109856,","VisResultater","Badminton København U13 B KMU 2025","30-11-2025","30-11-2025","3","8"
"109858,","VisResultater","Badminton København U15 A KMU 2025","30-11-2025","30-11-2025","2","7"
"109859,","VisResultater","Badminton København U15 B KMU 2025","30-11-2025","30-11-2025","2","5"
"109860,","VisResultater","Badminton København U15 C KMU 2025","30-11-2025","30-11-2025","1","3"
"114695,","VisResultater","Badminton København U11 B KMU 2025","30-11-2025","30-11-2025","1","3"
"114694,","VisResultater","Badminton København U11 A","03-12-2025","03-12-2025","1","3"
"114696,","VisResultater","Badminton København U13 M","03-12-2025","03-12-2025","2","4"
"114697,","VisResultater","Badminton København U15 E","03-12-2025","03-12-2025","1","2"
"110877,","VisResultater","Helsinge U15 A","14-12-2025","14-12-2025","1","2"
"112352,","VisResultater","Toksværd U13 A","27-12-2025","27-12-2025","1","3"
"111135,","VisResultater","Greve U15 M","28-12-2025","28-12-2025","1","2"
"110159,","VisResultater","Solrød Strand U13 A","30-12-2025","30-12-2025","3","8"
"110164,","VisResultater","Solrød Strand U15 B","30-12-2025","30-12-2025","1","3"
"110324,","VisResultater","Hvidovre U11 A","04-01-2026","04-01-2026","1","2"
"110326,","VisResultater","Hvidovre U13 B","04-01-2026","04-01-2026","1","4"
"112436,","VisResultater","Gentofte U13 A","04-01-2026","04-01-2026","1","2"
"112437,","VisResultater","Gentofte U15 A","04-01-2026","04-01-2026","1","3"
"112561,","VisResultater","Solrød Strand U13 M","04-01-2026","04-01-2026","1","3"
"109822,","VisResultater","Jernløse U13 B","18-01-2026","18-01-2026","1","2"
"110259,","VisResultater","Nykøbing F U15 A","18-01-2026","18-01-2026","2","5"
"114799,","VisResultater","Badminton Danmark U12 A VICTOR LMU - U12A, Haldum Hinnerup Hallen","25-01-2026","25-01-2026","1","5"
"114805,","VisResultater","Badminton Danmark U14 M VICTOR LMU U14M, Viby Badmintonhal","25-01-2026","25-01-2026","1","5"
"119399,","VisResultater","Badminton Danmark U10 A VICTOR LMU - U10A-U8D, Egelundhallen, Malling","25-01-2026","25-01-2026","1","4"
"110179,","VisResultater","DGI Midt- og Vestsjælland U11 D DGI Midt-Vestsjælland: Lejre U11-U17/U19 og Bramsnæsvig U9-U13-U15","08-02-2026","08-02-2026","1","6"
"111145,","VisResultater","Greve U13 A","08-02-2026","08-02-2026","2","6"
"111147,","VisResultater","Greve U11 A","08-02-2026","08-02-2026","1","2"
"113021,","VisResultater","Taastrup TIK U13 C","08-02-2026","08-02-2026","1","3"
"113025,","VisResultater","Taastrup TIK U15 C","08-02-2026","08-02-2026","2","7"
"110720,","VisResultater","Middelfart U13 A","15-02-2026","15-02-2026","1","3"
"112794,","VisResultater","Badminton Roskilde U13 M","15-02-2026","15-02-2026","1","2"
"110230,","VisResultater","Ikast U13 M Ikast: U13M Badmintonhallen, Holing","01-03-2026","01-03-2026","1","3"
"110382,","VisResultater","Lyngby U13 C","01-03-2026","01-03-2026","2","7"
"110384,","VisResultater","Lyngby U15 C","01-03-2026","01-03-2026","1","3"
"111059,","VisResultater","Gladsaxe Søborg U11 B","01-03-2026","01-03-2026","1","3"
"111060,","VisResultater","Gladsaxe Søborg U11 C","01-03-2026","01-03-2026","1","3"
"111061,","VisResultater","Gladsaxe Søborg U11 D","01-03-2026","01-03-2026","1","4"
"111062,","VisResultater","Gladsaxe Søborg U13 A","01-03-2026","01-03-2026","3","9"
"111063,","VisResultater","Gladsaxe Søborg U13 B","01-03-2026","01-03-2026","1","3"
"111064,","VisResultater","Gladsaxe Søborg U15 A","01-03-2026","01-03-2026","2","6"
"111065,","VisResultater","Gladsaxe Søborg U15 B","01-03-2026","01-03-2026","1","3"
"112562,","VisResultater","Solrød Strand U15 M","15-03-2026","15-03-2026","1","3"
"113682,","VisResultater","Hillerød U11 A","15-03-2026","15-03-2026","1","3"
"114281,","VisResultater","Drive U13 A","15-03-2026","15-03-2026","1","3"
"114283,","VisResultater","Drive U15 A","15-03-2026","15-03-2026","1","2"
"114284,","VisResultater","Drive U15 B","15-03-2026","15-03-2026","1","4"
"114840,","VisResultater","Badminton Danmark U13 M VICTOR UDM, Brøndby","15-03-2026","15-03-2026","1","5"
"114845,","VisResultater","Badminton Danmark U11 D VICTOR DMU, U11CD Vindingehallen","29-03-2026","29-03-2026","1","6"
"114846,","VisResultater","Badminton Danmark U11 C VICTOR DMU, U11CD Vindingehallen","29-03-2026","29-03-2026","1","5"
"114848,","VisResultater","Badminton Danmark U11 A VICTOR DMU, U11A*AB-U13CD ULLERSLEVHALLEN (U11A*AB)-(Aunslev U13CD)","29-03-2026","29-03-2026","1","3"
"114850,","VisResultater","Badminton Danmark U13 C VICTOR DMU, U11A*AB-U13CD ULLERSLEVHALLEN (U11A*AB)-(Aunslev U13CD)","29-03-2026","29-03-2026","3","10"
"114851,","VisResultater","Badminton Danmark U13 B VICTOR DMU, U13MB-U15M NYBORGHALLEN","29-03-2026","29-03-2026","1","4"
"114852,","VisResultater","Badminton Danmark U13 A VICTOR DMU, U13A SKOVPARKHALLEN, Nyborg)","29-03-2026","29-03-2026","2","9"
"114855,","VisResultater","Badminton Danmark U15 B VICTOR DMU, U15ABCD ØRBÆKHALLEN","29-03-2026","29-03-2026","2","5"
"114856,","VisResultater","Badminton Danmark U15 A VICTOR DMU, U15ABCD ØRBÆKHALLEN","29-03-2026","29-03-2026","2","6"
"114857,","VisResultater","Badminton Danmark U15 M VICTOR DMU, U13MB-U15M NYBORGHALLEN","29-03-2026","29-03-2026","1","3"
"110313,","VisResultater","Dalum Hjallese BK U13 M","02-04-2026","02-04-2026","1","3"
"109904,","VisResultater","BC37 Amager U11 A","04-04-2026","04-04-2026","1","3"
"109905,","VisResultater","BC37 Amager U13 A","04-04-2026","04-04-2026","1","4"
"110207,","VisResultater","Solrød Strand U13 A Påsketurnering i Karlslunde","06-04-2026","06-04-2026","1","3"
"110210,","VisResultater","Solrød Strand U15 A Påsketurnering i Havdrup","06-04-2026","06-04-2026","1","2"
"110036,","VisResultater","Nordsjælland U13 A","19-04-2026","19-04-2026","1","2"
"110040,","VisResultater","Nordsjælland U15 B","19-04-2026","19-04-2026","1","2"
"115091,","VisResultater","Badminton Danmark U15 M Badminton Danmark (Horsens)","26-04-2026","26-04-2026","1","3"
"115278,","VisResultater","Badminton Danmark U13 A Badminton Danmark (Horsens)","26-04-2026","26-04-2026","1","4"
"112657,","VisResultater","Slangerup U15 M","10-05-2026","10-05-2026","1","3"
"114428,","VisResultater","Værløse U15 B","10-05-2026","10-05-2026","2","6"
"109918,","VisResultater","BC37 Amager U13 B","16-05-2026","16-05-2026","3","7"
"112482,","VisResultater","Farum U11 A Farum: Specielle tilmeldingsbetingelser","17-05-2026","17-05-2026","1","4"
"112483,","VisResultater","Farum U13 A Farum: Specielle tilmeldingsbetingelser","17-05-2026","17-05-2026","2","9"
"112484,","VisResultater","Farum U15 A Farum: Specielle tilmeldingsbetingelser","17-05-2026","17-05-2026","1","3"
"114741,","VisResultater","Farum U15 M Farum: Specielle tilmeldingsbetingelser","17-05-2026","17-05-2026","1","3"
"110702,","VisResultater","Køge U11 A","23-05-2026","23-05-2026","1","3"
"113413,","VisResultater","Badminton Esbjerg U13 M","24-05-2026","24-05-2026","1","6"
"114703,","VisResultater","Birkerød BK13 U15 A","24-05-2026","24-05-2026","2","6"
"114704,","VisResultater","Birkerød BK13 U15 B","24-05-2026","24-05-2026","2","7"
"112666,","VisResultater","Slangerup U11 C","31-05-2026","31-05-2026","1","3"
"112892,","VisResultater","KMB2010 U11 A","31-05-2026","31-05-2026","1","3"
"112894,","VisResultater","KMB2010 U13 A","31-05-2026","31-05-2026","1","3"
"112895,","VisResultater","KMB2010 U13 B","31-05-2026","31-05-2026","2","6"
"110976,","VisResultater","Storstrømmen U15 B Storstrømmen (Tune)","07-06-2026","07-06-2026","1","3"
"110977,","VisResultater","Storstrømmen U15 A Storstrømmen (Tune)","07-06-2026","07-06-2026","1","4"
"112444,","VisResultater","Gentofte U13 B","14-06-2026","14-06-2026","1","2"
"114044,","VisResultater","Taastrup BC U15 A","14-06-2026","14-06-2026","2","7"
"114045,","VisResultater","Taastrup BC U15 B","14-06-2026","14-06-2026","1","2"
