kampnr,dato,hjemmehold,udehold,resultat,antal_rækker,antal_manglende,manglende_side,formodet_årsag,sikkerhed
505211,2026-02-22,KBK Kbh. 1,Gladsaxe Søborg 1,0-5,3,2,ude,Ikke fremmødt-tekst/pseudo-spiller,delvis
505216,2026-03-08,Gladsaxe Søborg 1,KBK Kbh. 1,5-0,0,5,hjemme,ukendt,lav
493220,2025-10-26,Gladsaxe Søborg 2,Hvidovre 1,2-3,3,2,hjemme,Ikke fremmødt-tekst/pseudo-spiller,delvis
493232,2025-10-05,Gladsaxe Søborg 3,NBK Amager 1,2-3,3,2,hjemme,Ikke fremmødt-tekst/pseudo-spiller,delvis
505282,2026-03-22,Hvidovre 1,Gladsaxe Søborg 4,2-3,3,2,ude,Ikke fremmødt-tekst/pseudo-spiller,delvis
493517,2026-03-08,Frederiksberg 2,Gladsaxe Søborg 4,6-0,0,6,hjemme,ukendt,lav
493520,2026-03-08,Gladsaxe Søborg 4,Charlottenlund 2,0-6,0,6,ude,ukendt,lav
492736,2025-12-07,KBK Kbh. 3,Gladsaxe Søborg 5,6-0,0,6,hjemme,ukendt,lav
492737,2025-12-07,Charlottenlund 3,Gladsaxe Søborg 5,6-0,0,6,hjemme,ukendt,lav
492919,2025-12-07,Skovshoved 3,Gladsaxe Søborg 7,4-2,4,2,ude,Ikke fremmødt-tekst/pseudo-spiller,delvis
493590,2025-10-26,BC37 Amager 4,Gladsaxe Søborg 5,2-4,3,3,ude,Ikke fremmødt-tekst/pseudo-spiller,delvis
492948,2025-12-07,Dragør 1,Gladsaxe Søborg 5,6-0,0,6,hjemme,ukendt,lav
492950,2025-12-07,Gladsaxe Søborg 5,Frederiksberg 4,0-6,0,6,ude,ukendt,lav
493617,2026-02-22,Gladsaxe Søborg 6,KMB2010 4,6-0,0,6,hjemme,ukendt,lav
494402,2026-01-11,Gladsaxe Søborg 8,Lyngby 5,2-4,4,2,hjemme,Ikke fremmødt-tekst/pseudo-spiller,delvis
494407,2026-02-22,BC37 Amager 5,Gladsaxe Søborg 8,5-1,3,3,hjemme,Ikke fremmødt-tekst/pseudo-spiller,delvis
494409,2026-02-22,NBK Amager 2,Gladsaxe Søborg 8,5-1,3,3,hjemme,Ikke fremmødt-tekst/pseudo-spiller,delvis
494411,2026-03-22,Gladsaxe Søborg 8,FKIF Frederiksberg 1,6-0,0,6,hjemme,ukendt,lav
493929,2025-10-05,Gladsaxe Søborg 4,BC37 Amager 3,5-1,5,1,hjemme,G-markør på registreret kamp,delvis
494000,2026-02-22,Gladsaxe Søborg 5,BC37 Amager 4,6-0,0,6,hjemme,ukendt,lav
494098,2025-12-07,Gladsaxe Søborg 6,Frederiksberg 2,3-4,5,2,ude,Ikke fremmødt-tekst/pseudo-spiller; Golden Set,delvis
494100,2025-12-07,Gladsaxe Søborg 6,Charlottenlund 2,2-4,4,2,ude,Ikke fremmødt-tekst/pseudo-spiller,delvis
492129,2025-10-26,Gladsaxe Søborg 2,Rødovre 1,6-0,0,6,hjemme,ukendt,lav
492136,2025-11-16,Charlottenlund 1,Gladsaxe Søborg 2,4-2,4,2,hjemme,Ikke fremmødt-tekst/pseudo-spiller,delvis
492138,2025-11-16,Gladsaxe Søborg 2,Drive 3,1-5,4,2,ude,Ikke fremmødt-tekst/pseudo-spiller,delvis
492297,2025-12-07,Drive 3,Gladsaxe Søborg 2,6-0,0,6,hjemme,ukendt,lav
492298,2025-12-07,Gladsaxe Søborg 2,Vallensbæk 2,0-6,0,6,ude,ukendt,lav
486396,2025-11-30,Tingbjerg 2,Gladsaxe Søborg 4,12-0,0,12,hjemme,ukendt,lav
487478,2026-02-01,Gladsaxe Søborg 1,Frederiksberg 1,6-0,4,2,hjemme,ukendt,lav
471612,2024-12-08,KMB2010 2,Gladsaxe Søborg 1,2-4,4,2,ude,Ikke fremmødt-tekst/pseudo-spiller,delvis
471621,2025-02-02,Gladsaxe Søborg 1,Gentofte 1,5-1,5,1,hjemme,ukendt,lav
471685,2025-01-12,Islands Brygge 1,Gladsaxe Søborg 2,0-6,0,6,ude,ukendt,lav
471736,2025-02-02,Gladsaxe Søborg 2,Drive 3,6-0,0,6,hjemme,ukendt,lav
471756,2024-12-08,Gladsaxe Søborg 3,Charlottenlund 1,6-0,0,6,hjemme,ukendt,lav
471769,2025-03-09,Frederiksberg 2,Gladsaxe Søborg 3,5-1,4,2,hjemme,Ikke fremmødt-tekst/pseudo-spiller,delvis
471773,2025-03-23,Gladsaxe Søborg 3,Islands Brygge 3,6-0,5,1,hjemme,ukendt,lav
471780,2024-11-17,Gentofte 3,Gladsaxe Søborg 4,6-0,0,6,hjemme,ukendt,lav
471782,2024-12-08,Gladsaxe Søborg 4,Lyngby 2,6-0,0,6,hjemme,ukendt,lav
471718,2025-02-23,Lyngby 5,Gladsaxe Søborg 5,0-6,4,2,ude,ukendt,lav
482128,2024-11-17,Gladsaxe Søborg 2,Frederiksberg 1,6-0,0,6,hjemme,ukendt,lav
471444,2024-10-06,Lyngby 3,Gladsaxe Søborg 5,0-6,0,6,ude,ukendt,lav
471464,2025-02-02,Drive 5,Gladsaxe Søborg 5,1-5,5,1,ude,ukendt,lav
471323,2025-01-12,Gladsaxe Søborg 3,Gladsaxe Søborg 5,6-0,3,3,hjemme,Ikke fremmødt-tekst/pseudo-spiller,delvis
471324,2025-01-12,Gladsaxe Søborg 5,Rødovre 2,2-4,3,3,ude,Ikke fremmødt-tekst/pseudo-spiller,delvis
471343,2025-03-23,Gladsaxe Søborg 5,Gladsaxe Søborg 4,3-4,3,4,ude,Ikke fremmødt-tekst/pseudo-spiller,delvis
471345,2025-03-23,Vanløse 2,Gladsaxe Søborg 5,6-0,3,3,hjemme,Ikke fremmødt-tekst/pseudo-spiller,delvis
469703,2024-11-17,Gladsaxe Søborg 1,Team Vejleå 3,6-0,0,6,hjemme,ukendt,lav
469721,2025-02-02,Team Vejleå 3,Gladsaxe Søborg 1,2-4,4,2,ude,Ikke fremmødt-tekst/pseudo-spiller,delvis
452822,2023-10-29,Lyngby 1,Gladsaxe Søborg 2,6-0,4,2,hjemme,Ikke fremmødt-tekst/pseudo-spiller,delvis
452823,2023-10-29,Gladsaxe Søborg 2,Badminton i indre By 1,3-3,4,2,ude,Ikke fremmødt-tekst/pseudo-spiller,delvis
452828,2023-11-19,Gladsaxe Søborg 2,Gladsaxe Søborg 1,2-4,2,4,ukendt,Ikke fremmødt-tekst/pseudo-spiller,delvis
452831,2023-12-10,Skovshoved 2,Gladsaxe Søborg 2,4-3,5,2,ude,Ikke fremmødt-tekst/pseudo-spiller; Golden Set,delvis
452837,2024-02-25,Gentofte 1,Gladsaxe Søborg 2,6-0,0,6,hjemme,ukendt,lav
462982,2024-04-20,Gentofte 1,Gladsaxe Søborg 1,4-5,8,1,hjemme,Golden Set,delvis
462728,,Viby J 3,Gladsaxe Søborg 3,4-2,4,2,ude,Ikke fremmødt-tekst/pseudo-spiller,delvis
452554,2024-03-24,Gladsaxe Søborg 3,Frederiksberg 1,6-0,4,2,hjemme,Ikke fremmødt-tekst/pseudo-spiller,delvis
452880,2023-11-19,Vanløse 2,Gladsaxe Søborg 4,0-6,0,6,ude,ukendt,lav
452891,2024-01-14,Lyngby 4,Gladsaxe Søborg 4,3-4,6,1,ude,G-markør på registreret kamp; Ikke fremmødt-tekst/pseudo-spiller,delvis
452898,2024-02-25,Gladsaxe Søborg 4,Lyngby 4,6-0,0,6,hjemme,ukendt,lav
452903,2024-03-24,Drive 3,Gladsaxe Søborg 4,0-6,0,6,ude,ukendt,lav
453008,2024-02-25,Gladsaxe Søborg 1,BC37 Amager 2,0-6,5,1,ude,ukendt,lav
452399,2024-01-14,Gladsaxe Søborg 3,Skovshoved 4,6-0,0,6,hjemme,ukendt,lav
452411,2024-03-10,Gladsaxe Søborg 3,Skovshoved 3,6-0,0,6,hjemme,ukendt,lav
453021,2024-03-24,Gladsaxe Søborg 3,Hvidovre 2,0-6,4,2,ude,Ikke fremmødt-tekst/pseudo-spiller,delvis
453023,2024-03-24,Rødovre 1,Gladsaxe Søborg 3,6-0,4,2,hjemme,Ikke fremmødt-tekst/pseudo-spiller,delvis
452196,2023-12-10,BC37 Amager 4,Gladsaxe Søborg 2,0-6,3,3,ude,Ikke fremmødt-tekst/pseudo-spiller,delvis
452208,2024-02-04,Gladsaxe Søborg 2,FKIF Frederiksberg 4,5-1,3,3,hjemme,Ikke fremmødt-tekst/pseudo-spiller,delvis
452220,2024-03-24,Gladsaxe Søborg 2,BC37 Amager 4,3-2,4,1,hjemme,Ikke fremmødt-tekst/pseudo-spiller; Golden Set,delvis
452221,2024-03-24,FKIF Frederiksberg 4,Gladsaxe Søborg 2,2-4,4,2,hjemme,Ikke fremmødt-tekst/pseudo-spiller,delvis
452589,2024-03-24,Gladsaxe Søborg 3,Skovshoved 5,6-0,4,2,hjemme,Ikke fremmødt-tekst/pseudo-spiller,delvis
452591,2024-03-24,Gladsaxe Søborg 3,BK36 Kbh. 1,6-0,0,6,hjemme,ukendt,lav
454458,2024-01-14,Gladsaxe Søborg 4,Rødovre 2,5-1,4,2,hjemme,ukendt,lav
453083,2024-03-10,Gladsaxe Søborg 5,Gentofte 8,6-0,0,6,hjemme,ukendt,lav
454632,2023-11-19,Gladsaxe Søborg 2,Lyngby 4,2-4,4,2,ude,Ikke fremmødt-tekst/pseudo-spiller,delvis
454634,2023-11-19,Gladsaxe Søborg 2,NBK Amager 2,2-4,4,2,ude,Ikke fremmødt-tekst/pseudo-spiller,delvis
452096,2023-12-10,KBK Kbh. 4,Gladsaxe Søborg 2,6-0,0,6,hjemme,ukendt,lav
452099,2023-12-10,Vanløse 2,Gladsaxe Søborg 2,6-0,0,6,hjemme,ukendt,lav
452105,2024-02-25,NBK Amager 2,Gladsaxe Søborg 2,6-0,0,6,hjemme,ukendt,lav
452106,2024-02-25,Gladsaxe Søborg 2,KBK Kbh. 4,0-6,0,6,ude,ukendt,lav
452109,2024-03-24,Lyngby 4,Gladsaxe Søborg 2,6-0,0,6,hjemme,ukendt,lav
452111,2024-03-24,Gladsaxe Søborg 2,Vanløse 2,0-6,0,6,ude,ukendt,lav
446325,2023-09-17,Gladsaxe Søborg 3,BKPOINT Kbh. 1,8-0,0,8,hjemme,ukendt,lav
430296,2023-02-26,KBK Kbh. 1,Gladsaxe Søborg 1,6-0,5,1,hjemme,ukendt,lav
442940,2023-04-29,Hørsholm 1,Gladsaxe Søborg 1,4-2,5,1,hjemme,ukendt,lav
433615,2023-02-05,Gladsaxe Søborg 2,FKIF Frederiksberg 1,4-2,4,2,hjemme,Ikke fremmødt-tekst/pseudo-spiller,delvis
429571,2022-12-11,Gladsaxe Søborg 3,Dragør 1,6-0,0,6,hjemme,ukendt,lav
429489,2022-10-30,Gladsaxe Søborg 4,BC37 Amager 2,5-1,5,1,hjemme,G-markør på registreret kamp,delvis
429491,2022-10-30,NBK Amager 1,Gladsaxe Søborg 4,2-4,5,1,ude,G-markør på registreret kamp,delvis
429496,2022-12-11,Gladsaxe Søborg 4,Valby BC 1,0-6,4,2,ude,Ikke fremmødt-tekst/pseudo-spiller,delvis
429498,2022-12-11,Hvidovre 3,Gladsaxe Søborg 4,6-0,4,2,hjemme,Ikke fremmødt-tekst/pseudo-spiller,delvis
429509,2023-03-12,Skovshoved 5,Gladsaxe Søborg 4,0-6,0,6,ude,ukendt,lav
430358,2023-02-26,Gentofte 3,Gladsaxe Søborg 5,0-6,0,6,ude,ukendt,lav
429924,2023-01-15,Lyngby 3,Gladsaxe Søborg 1,4-3,6,1,ude,Golden Set,delvis
429729,2022-10-09,Gladsaxe Søborg 2,Hvidovre 3,4-2,4,2,hjemme,Ikke fremmødt-tekst/pseudo-spiller,delvis
429790,2022-12-11,Gladsaxe Søborg 3,Dragør 1,6-0,0,6,hjemme,ukendt,lav
430139,2023-01-15,KBK Kbh. 4,Gladsaxe Søborg 2,3-4,5,2,ude,Golden Set,delvis
430104,2023-01-15,Gladsaxe Søborg 3,Valby BC 2,6-0,4,2,hjemme,ukendt,lav
430108,2023-02-05,Gladsaxe Søborg 3,Skovshoved 5,4-2,4,2,ude,ukendt,lav
430515,2022-10-09,Dragør 1,Gladsaxe Søborg 4,3-3,4,2,hjemme,Ikke fremmødt-tekst/pseudo-spiller,delvis
430266,2023-02-05,Rødovre 1,Gladsaxe Søborg 4,6-0,0,6,hjemme,ukendt,lav
430267,2023-02-05,Gladsaxe Søborg 4,NBK Amager 2,0-6,0,6,ude,ukendt,lav
413791,2021-11-21,Gladsaxe Søborg 1,Islands Brygge 1,6-0,3,3,hjemme,Ikke fremmødt-tekst/pseudo-spiller,delvis
413803,2022-03-27,BC37 Amager 1,Gladsaxe Søborg 1,2-4,3,3,ude,Ikke fremmødt-tekst/pseudo-spiller,delvis
413853,2021-11-21,Gladsaxe Søborg 1,Lyngby 3,6-0,4,2,hjemme,ukendt,lav
413923,2022-03-27,Lyngby 4,Gladsaxe Søborg 2,0-6,0,6,ude,ukendt,lav
413962,2022-03-27,NBK Amager 1,Gladsaxe Søborg 3,1-5,4,2,ude,ukendt,lav
413963,2022-03-27,Gladsaxe Søborg 3,Lyngby 2,3-4,5,2,hjemme,Ikke fremmødt-tekst/pseudo-spiller; Golden Set,delvis
421909,2021-12-12,Dragør 2,Gladsaxe Søborg 2,3-4,5,2,ude,Golden Set,delvis
421915,2022-01-16,KMB2010 4,Gladsaxe Søborg 2,0-6,0,6,ude,ukendt,lav
414060,2022-02-06,Gladsaxe Søborg 3,Frederiksberg 2,4-2,4,2,hjemme,ukendt,lav
413617,2022-02-27,Gladsaxe Søborg 1,Ringsted 1,1-5,4,2,ude,Ikke fremmødt-tekst/pseudo-spiller,delvis
414556,2021-10-31,Gladsaxe Søborg 3,SAIF Kbh. 2,6-0,0,6,hjemme,ukendt,lav
414560,2021-12-12,Gladsaxe Søborg 3,NBK Amager 2,3-4,4,3,ude,Ikke fremmødt-tekst/pseudo-spiller,delvis
422424,2022-03-12,Gladsaxe Søborg,Nordbyens Badmintonklub,13-0,0,13,hjemme,ukendt,lav
407422,2022-01-30,Gladsaxe Søborg 3,Gentofte 3,12-0,0,12,hjemme,ukendt,lav
407493,2022-01-30,PI København 1,Gladsaxe Søborg 4,8-0,0,8,hjemme,ukendt,lav
373813,2019-11-17,Gladsaxe Søborg 1,Valby BC 1,6-0,0,6,hjemme,ukendt,lav
373816,2019-12-08,Gladsaxe Søborg 1,Islands Brygge 1,3-4,3,4,ude,ukendt,lav
373653,2020-03-08,Gladsaxe Søborg 1,Dragør 2,5-1,4,2,hjemme,Ikke fremmødt-tekst/pseudo-spiller,delvis
340306,2019-01-13,Gladsaxe Søborg 1,Dragør 1,0-6,5,1,ude,ukendt,lav
339146,2019-03-10,Skovshoved 6,Gladsaxe Søborg 2,6-0,0,6,hjemme,ukendt,lav
339148,2019-03-10,Gladsaxe Søborg 2,FKIF Frederiksberg 2,0-6,0,6,ude,ukendt,lav
340495,2018-10-28,Charlottenlund 1,Gladsaxe Søborg 1,0-6,0,6,ude,ukendt,lav
340500,2018-11-18,Drive 1,Gladsaxe Søborg 1,0-6,0,6,ude,ukendt,lav
337417,2018-10-28,Gladsaxe Søborg 1,Herlufsholm 1,4-3,6,1,ude,Golden Set,delvis
337433,2019-01-27,Lillerød 1,Gladsaxe Søborg 1,0-6,0,6,ude,ukendt,lav
353930,2018-12-09,Gentofte 1,Gladsaxe Søborg 2,5-1,4,2,hjemme,Ikke fremmødt-tekst/pseudo-spiller,delvis
353932,2018-12-09,Valby BC 1,Gladsaxe Søborg 2,5-1,4,2,hjemme,ukendt,lav
282799,2018-03-11,Gladsaxe Søborg,Drive 2,3-4,5,2,ude,Ikke fremmødt-tekst/pseudo-spiller; Golden Set,delvis
282905,2018-01-14,Gladsaxe Søborg 2,NBK Amager,0-6,4,2,ude,ukendt,lav
282735,2017-10-08,Drive 3,Gladsaxe Søborg 2,6-0,0,6,hjemme,ukendt,lav
282737,2017-10-29,Gladsaxe Søborg 2,Valby BC 2,0-6,0,6,ude,ukendt,lav
282743,2017-12-10,Gladsaxe Søborg 2,Amager ABC,0-6,0,6,ude,ukendt,lav
282746,2018-01-14,Gladsaxe Søborg 2,Charlottenlund 2,0-6,0,6,ude,ukendt,lav
282750,2018-01-28,Hvidovre HB2000,Gladsaxe Søborg 2,6-0,0,6,hjemme,ukendt,lav
282751,2018-03-11,Hvidovre 2,Gladsaxe Søborg 2,6-0,0,6,hjemme,ukendt,lav
239567,2016-10-09,KFUM Badminton Kbh.,Gladsaxe Søborg,2-4,4,2,hjemme,ukendt,lav
239576,2017-01-15,Valby BC,Gladsaxe Søborg,2-4,4,2,hjemme,ukendt,lav
239580,2017-03-12,Gladsaxe Søborg,Rødovre,6-0,0,6,hjemme,ukendt,lav
240068,2016-12-11,Hvidovre 2,Gladsaxe Søborg,0-6,0,6,ude,ukendt,lav
239245,2017-03-26,KMB2010,Gladsaxe Søborg,5-4,7,2,hjemme,Ikke fremmødt-tekst/pseudo-spiller; Golden Set,delvis
239763,2016-09-25,Gladsaxe Søborg 2,NBK Amager,4-2,4,2,hjemme,ukendt,lav
239770,2016-11-20,Gladsaxe Søborg 2,Frederiksberg,6-0,0,6,hjemme,ukendt,lav
239780,2017-03-26,Amager ABC 2,Gladsaxe Søborg 2,1-5,4,2,ude,ukendt,lav
239116,2016-10-09,Gladsaxe Søborg,Amager ABC 2,2-4,2,4,ude,ukendt,lav
238585,2017-03-19,Gladsaxe Søborg 3,Charlottenlund 5,13-0,0,13,hjemme,ukendt,lav
238657,2016-09-04,Tingbjerg 2,Gladsaxe Søborg 4,12-0,0,12,hjemme,ukendt,lav
238662,2016-09-18,Gladsaxe Søborg 4,KSI Badmintonklub Kbh. 4,0-12,0,12,ude,ukendt,lav
238671,2016-11-20,Gladsaxe Søborg 4,Dragør 3,0-12,0,12,ude,ukendt,lav
238674,2016-12-04,BKPOINT Kbh.,Gladsaxe Søborg 4,12-0,0,12,hjemme,ukendt,lav
238680,2017-01-08,Gladsaxe Søborg 4,SAIF Kbh. 10,0-12,0,12,ude,ukendt,lav
238682,2017-02-05,Rødovre/KFUM KBH 2,Gladsaxe Søborg 4,12-0,0,12,hjemme,ukendt,lav
238686,2017-03-05,BC37 Amager 4,Gladsaxe Søborg 4,12-0,0,12,hjemme,ukendt,lav
238690,2017-04-02,Gladsaxe Søborg 4,CBS Sport Badminton,0-12,0,12,ude,ukendt,lav
238725,2017-02-05,Gladsaxe Søborg 4,SAIF Kbh. 11,0-10,0,10,ude,ukendt,lav
238731,2017-03-05,Gladsaxe Søborg 4,KBK Kbh. 6,10-0,0,10,hjemme,ukendt,lav
238737,2017-04-02,Vanløse 5,Gladsaxe Søborg 4,10-0,0,10,hjemme,ukendt,lav
238777,2016-12-18,Gladsaxe Søborg,KBK Kbh.,12-0,0,12,hjemme,ukendt,lav
238869,2017-02-12,Gladsaxe Søborg 3,NBK Amager,12-0,0,12,hjemme,ukendt,lav
239810,2017-02-12,KBK Kbh.,Gladsaxe Søborg,0-8,0,8,ude,ukendt,lav
240054,2017-04-02,Rødovre 2,Gladsaxe Søborg 3,0-8,0,8,ude,ukendt,lav
238985,2016-12-18,Gentofte,Gladsaxe Søborg,0-8,0,8,ude,ukendt,lav
196137,2015-09-20,Lyngby 2,Gladsaxe Søborg,6-0,0,6,hjemme,ukendt,lav
196146,2015-10-04,Gladsaxe Søborg,KMB2010,0-6,0,6,ude,ukendt,lav
196147,2015-10-25,Gladsaxe Søborg,Charlottenlund,0-6,0,6,ude,ukendt,lav
196152,2015-11-15,Dragør 2,Gladsaxe Søborg,6-0,0,6,hjemme,ukendt,lav
196157,2015-12-06,Gladsaxe Søborg,Valby BC,0-6,0,6,ude,ukendt,lav
196165,2016-01-17,Gentofte,Gladsaxe Søborg,6-0,0,6,hjemme,ukendt,lav
196168,2016-02-28,Gladsaxe Søborg,KBK Kbh. 3,0-6,0,6,ude,ukendt,lav
196171,2016-03-13,Vanløse,Gladsaxe Søborg,6-0,0,6,hjemme,ukendt,lav
196177,2016-04-03,Skovshoved 2,Gladsaxe Søborg,6-0,0,6,hjemme,ukendt,lav
196553,2015-10-04,Gladsaxe Søborg,BC37 Amager,6-0,0,6,hjemme,ukendt,lav
196556,2015-10-25,Islands Brygge,Gladsaxe Søborg,4-2,4,2,hjemme,ukendt,lav
196558,2015-11-15,Skovshoved 3,Gladsaxe Søborg,4-2,4,2,hjemme,ukendt,lav
196564,2015-12-06,Drive 2,Gladsaxe Søborg,0-6,4,2,ude,ukendt,lav
196569,2016-01-17,Gladsaxe Søborg,Amager ABC,3-3,4,2,hjemme,ukendt,lav
196628,2015-10-25,Hvidovre HB2000,Gladsaxe Søborg,0-6,0,6,ude,ukendt,lav
211342,2015-11-15,BC37 Amager,Gladsaxe Søborg,0-6,0,6,ude,ukendt,lav
202114,2015-10-04,Gladsaxe Søborg 2,FKIF Frederiksberg 2,0-6,0,6,ude,ukendt,lav
196369,2015-10-25,Tono Kbh. 2,Gladsaxe Søborg 2,0-6,3,3,ude,ukendt,lav
211645,2016-02-28,Gladsaxe Søborg 2,Vanløse 2,6-0,0,6,hjemme,ukendt,lav
195962,2015-09-20,Gladsaxe Søborg,Drive,0-8,0,8,ude,ukendt,lav
195964,2015-10-04,Lyngby 2,Gladsaxe Søborg,8-0,0,8,hjemme,ukendt,lav
195972,2015-10-25,Gladsaxe Søborg,Dragør,0-8,0,8,ude,ukendt,lav
195977,2015-11-15,Gladsaxe Søborg,Frederiksberg,8-0,0,8,hjemme,ukendt,lav
195979,2015-12-06,Vanløse,Gladsaxe Søborg,8-0,0,8,hjemme,ukendt,lav
195984,2016-01-17,Charlottenlund,Gladsaxe Søborg,8-0,0,8,hjemme,ukendt,lav
195992,2016-02-28,Gladsaxe Søborg,BC37 Amager,0-8,0,8,ude,ukendt,lav
195997,2016-03-13,Gladsaxe Søborg,FKIF Frederiksberg,0-8,0,8,ude,ukendt,lav
196002,2016-04-03,Valby BC,Gladsaxe Søborg,8-0,0,8,hjemme,ukendt,lav
193655,2016-01-31,Frederiksberg 5,Gladsaxe Søborg 3,0-13,0,13,ude,ukendt,lav
193743,2016-03-06,Gladsaxe Søborg 4,Frederiksberg 6,12-0,0,12,hjemme,ukendt,lav
204925,2015-11-22,Gladsaxe Søborg 5,Rødovre/KFUM KBH 2,0-12,0,12,ude,ukendt,lav
204931,2016-01-10,Gladsaxe Søborg 5,CBS Sport Badminton,0-12,0,12,ude,ukendt,lav
204934,2016-01-31,Gladsaxe Søborg 5,BC KVIK Kbh. 2,0-12,0,12,ude,ukendt,lav
193095,2016-02-07,Gladsaxe Søborg 2,Amager ABC,8-0,0,8,hjemme,ukendt,lav
142166,2014-09-21,KMB2010 2,Gladsaxe Søborg 2,2-4,4,2,ude,ukendt,lav
142174,2014-11-16,FKIF Frederiksberg 2,Gladsaxe Søborg 2,0-6,0,6,ude,ukendt,lav
142176,2014-12-07,Gladsaxe Søborg 2,KBK Kbh. 3,0-6,0,6,ude,ukendt,lav
142180,2015-01-11,Gladsaxe Søborg 2,KFUM Badminton Kbh.,6-0,0,6,hjemme,ukendt,lav
142184,2015-03-08,Charlottenlund 3,Gladsaxe Søborg 2,0-6,0,6,ude,ukendt,lav
142316,2014-12-07,BC37 Amager,Gladsaxe Søborg 2,1-5,4,2,ude,ukendt,lav
143862,2014-09-21,Gladsaxe Søborg 2,Charlottenlund 3,6-0,4,2,hjemme,ukendt,lav
169020,2015-01-11,Hvidovre,Gladsaxe Søborg 2,0-6,4,2,ude,G-markør på registreret kamp,delvis
143886,2015-03-08,Rødovre,Gladsaxe Søborg 2,3-3,4,2,ude,ukendt,lav
142501,2014-09-07,Vanløse,Gladsaxe Søborg,3-5,5,3,hjemme,ukendt,lav
143094,2014-09-21,KFUM Badminton Kbh.,Gladsaxe Søborg,0-8,0,8,ude,ukendt,lav
143096,2014-10-05,Gladsaxe Søborg,FKIF Frederiksberg,0-8,0,8,ude,ukendt,lav
142513,2014-10-26,BC37 Amager,Gladsaxe Søborg,8-0,0,8,hjemme,ukendt,lav
142523,2014-12-07,Amager ABC,Gladsaxe Søborg,8-0,0,8,hjemme,ukendt,lav
142531,2015-01-11,Gladsaxe Søborg,Charlottenlund,0-8,0,8,ude,ukendt,lav
142541,2015-02-22,Gladsaxe Søborg,KBK Kbh. 2,0-8,0,8,ude,ukendt,lav
142545,2015-03-08,Lyngby 2,Gladsaxe Søborg,8-0,0,8,hjemme,ukendt,lav
142471,2014-09-21,Gladsaxe Søborg 2,FKIF Frederiksberg 2,0-6,0,6,ude,ukendt,lav
142978,2014-10-05,Valby BC,Gladsaxe Søborg 2,6-0,0,6,hjemme,ukendt,lav
142478,2014-11-16,Gladsaxe Søborg 2,KFUM Badminton Kbh. 2,6-0,0,6,hjemme,ukendt,lav
142484,2014-12-07,Gladsaxe Søborg 2,Sundby KFUM,6-0,0,6,hjemme,ukendt,lav
159975,2015-01-11,Charlottenlund 2,Gladsaxe Søborg 2,6-0,0,6,hjemme,ukendt,lav
142492,2015-02-01,Gladsaxe Søborg 2,Tono Kbh.,0-6,0,6,ude,ukendt,lav
142495,2015-03-08,Rødovre,Gladsaxe Søborg 2,6-0,0,6,hjemme,ukendt,lav
141993,2014-10-12,Sundby KFUM,Gladsaxe Søborg 3,0-12,0,12,ude,ukendt,lav
142053,2014-11-16,Lyngby 5,Gladsaxe Søborg 4,0-12,0,12,ude,ukendt,lav
95850,2013-09-22,Frederiksberg,Gladsaxe Søborg,2-6,7,1,hjemme,ukendt,lav
95851,2013-10-06,Gladsaxe Søborg,Drive,6-2,6,2,hjemme,Ikke fremmødt-tekst/pseudo-spiller,delvis
95857,2013-12-08,KBK Kbh. 2,Gladsaxe Søborg,3-5,6,2,hjemme,ukendt,lav
95859,2014-01-12,Gladsaxe Søborg,Frederiksberg,6-2,6,2,ude,ukendt,lav
95863,2014-02-23,Charlottenlund 2,Gladsaxe Søborg,3-5,7,1,hjemme,Ikke fremmødt-tekst/pseudo-spiller,delvis
95867,2014-03-23,Gladsaxe Søborg,KBK Kbh. 2,8-0,6,2,hjemme,ukendt,lav
96111,2013-09-22,Frederiksberg,Gladsaxe Søborg,2-6,1,7,ukendt,ukendt,lav
96120,2013-10-27,Skovshoved 2,Gladsaxe Søborg,1-7,5,3,ude,Ikke fremmødt-tekst/pseudo-spiller,delvis
96145,2014-02-23,Drive,Gladsaxe Søborg,0-8,5,3,ude,ukendt,lav
96149,2014-03-09,Gladsaxe Søborg,KBK Kbh. 2,5-3,6,2,hjemme,Ikke fremmødt-tekst/pseudo-spiller,delvis
96178,2013-10-27,FKIF Frederiksberg,Gladsaxe Søborg 2,0-6,0,6,ude,ukendt,lav
118590,2014-02-02,Gladsaxe Søborg 2,KFUM Badminton Kbh.,6-0,0,6,hjemme,ukendt,lav
96189,2014-02-23,SMASH,Gladsaxe Søborg 2,0-6,0,6,ude,ukendt,lav
96193,2014-03-09,Gladsaxe Søborg 2,Sct. Jørgen Kbh.,6-0,0,6,hjemme,ukendt,lav
96223,2013-10-06,Charlottenlund 3,Gladsaxe Søborg 3,4-2,4,2,hjemme,ukendt,lav
96226,2013-10-27,Tono Kbh.,Gladsaxe Søborg 3,5-1,5,1,hjemme,ukendt,lav
96231,2013-11-17,Gladsaxe Søborg 3,Frederiksberg 3,3-3,0,6,ukendt,ukendt,lav
96240,2014-02-23,Gladsaxe Søborg 3,Valby BC 2,4-2,0,6,ukendt,ukendt,lav
96250,2013-10-06,Gladsaxe Søborg,Hvidovre,1-7,7,1,hjemme,Ikke fremmødt-tekst/pseudo-spiller,delvis
100358,2014-03-09,Gladsaxe Søborg,KBK Kbh.,4-4,4,4,ukendt,Ikke fremmødt-tekst/pseudo-spiller,delvis
96286,2014-02-23,Amager ABC,Gladsaxe Søborg,0-6,4,2,ude,ukendt,lav
49890,2012-12-09,Hvidovre,Gladsaxe Søborg,9-0,5,4,hjemme,ukendt,lav
49896,2013-02-03,Gladsaxe Søborg,KBK Kbh. 3,7-2,7,2,hjemme,G-markør på registreret kamp; Ikke fremmødt-tekst/pseudo-spiller,delvis
50021,2012-10-07,BC37 Amager,Gladsaxe Søborg,0-8,6,2,ude,Ikke fremmødt-tekst/pseudo-spiller,delvis
50027,2012-11-18,Gladsaxe Søborg,Lyngby 2,4-4,6,2,ude,Ikke fremmødt-tekst/pseudo-spiller,delvis
50032,2012-12-09,Frederiksberg 2,Gladsaxe Søborg,4-4,6,2,hjemme,Ikke fremmødt-tekst/pseudo-spiller,delvis
50041,2013-02-03,Gladsaxe Søborg,Frederiksberg 3,8-0,0,8,hjemme,ukendt,lav
50044,2013-03-10,Hvidovre HB2000,Gladsaxe Søborg,1-7,6,2,ude,Ikke fremmødt-tekst/pseudo-spiller,delvis
50160,2012-10-07,Vanløse,Gladsaxe Søborg 2,6-0,0,6,hjemme,ukendt,lav
50167,2012-10-28,KBK Kbh. 4,Gladsaxe Søborg 2,6-0,0,6,hjemme,ukendt,lav
50170,2012-11-18,Gladsaxe Søborg 2,Amager ABC,0-6,0,6,ude,ukendt,lav
50178,2012-12-09,KFUM Badminton Kbh.,Gladsaxe Søborg 2,6-0,0,6,hjemme,ukendt,lav
50181,2013-01-13,Gladsaxe Søborg 2,Valby BC,0-6,0,6,ude,ukendt,lav
50187,2013-02-03,Charlottenlund 2,Gladsaxe Søborg 2,6-0,0,6,hjemme,ukendt,lav
50191,2013-03-10,Gladsaxe Søborg 2,FKIF Frederiksberg,0-6,0,6,ude,ukendt,lav
50195,2013-03-24,Gladsaxe Søborg 2,Hvidovre HB2000 2,0-6,0,6,ude,ukendt,lav
50284,2013-01-13,BC37 Amager,Gladsaxe Søborg,5-3,6,2,hjemme,ukendt,lav
50289,2013-02-03,Gladsaxe Søborg,FKIF Frederiksberg,6-2,7,1,hjemme,Ikke fremmødt-tekst/pseudo-spiller,delvis
50292,2013-03-10,Gladsaxe Søborg,Charlottenlund 2,6-2,7,1,ude,Ikke fremmødt-tekst/pseudo-spiller,delvis
50133,2012-11-18,Sundby KFUM,Gladsaxe Søborg 3,0-6,0,6,ude,ukendt,lav
50137,2012-12-09,Tono Kbh.,Gladsaxe Søborg 3,0-6,0,6,ude,ukendt,lav
50139,2013-01-13,Gladsaxe Søborg 3,Valby BC 2,6-0,0,6,hjemme,ukendt,lav
50146,2013-03-10,Gladsaxe Søborg 3,KFUM Badminton Kbh. 2,6-0,0,6,hjemme,ukendt,lav
50335,2012-09-23,FKIF Frederiksberg,Gladsaxe Søborg,0-8,0,8,ude,ukendt,lav
50343,2012-11-11,Gladsaxe Søborg,Hvidovre,8-0,0,8,hjemme,ukendt,lav
50359,2013-03-03,Gladsaxe Søborg,BC37 Amager,8-0,0,8,hjemme,ukendt,lav
50368,2013-04-07,Frederiksberg,Gladsaxe Søborg,0-8,0,8,ude,ukendt,lav
49469,2013-01-06,Hvidovre 5,Gladsaxe Søborg 3,0-13,0,13,ude,ukendt,lav
49665,2012-12-02,Gladsaxe Søborg 2,Vanløse,12-0,0,12,hjemme,ukendt,lav
2162,2011-10-09,KMB2010,Gladsaxe Søborg,9-0,0,9,hjemme,ukendt,lav
2164,2011-11-06,Gladsaxe Søborg,Skovshoved 2,3-6,0,9,ukendt,ukendt,lav
2166,2011-12-04,Frederiksberg,Gladsaxe Søborg,8-1,0,9,ukendt,ukendt,lav
2168,2011-12-18,Gladsaxe Søborg,Charlottenlund,2-7,0,9,ukendt,ukendt,lav
2172,2012-02-12,Gladsaxe Søborg,KMB2010,9-0,0,9,hjemme,ukendt,lav
2173,2012-02-26,Skovshoved 2,Gladsaxe Søborg,7-2,0,9,ukendt,ukendt,lav
2176,2012-03-11,Charlottenlund,Gladsaxe Søborg,6-3,0,9,ukendt,ukendt,lav
2178,2012-03-25,Gladsaxe Søborg,Frederiksberg,1-8,0,9,ukendt,ukendt,lav
2182,2011-10-09,Lyngby 2,Gladsaxe Søborg 2,9-0,0,9,hjemme,ukendt,lav
2187,2011-11-20,Gladsaxe Søborg 2,Frederiksberg 2,9-0,0,9,hjemme,ukendt,lav
2190,2011-12-04,Drive,Gladsaxe Søborg 2,8-1,0,9,ukendt,ukendt,lav
2193,2012-01-15,Gladsaxe Søborg 2,Charlottenlund 2,3-6,0,9,ukendt,ukendt,lav
2195,2012-02-26,KBK Kbh. 2,Gladsaxe Søborg 2,9-0,0,9,hjemme,ukendt,lav
2199,2012-03-25,Gladsaxe Søborg 2,FKIF Frederiksberg,9-0,0,9,hjemme,ukendt,lav
2202,2011-09-25,KBK Kbh. 3,Gladsaxe Søborg 3,6-0,0,6,hjemme,ukendt,lav
2204,2011-10-09,Gladsaxe Søborg 3,KMB2010 2,0-6,0,6,ude,ukendt,lav
2211,2011-11-20,Hvidovre,Gladsaxe Søborg 3,6-0,0,6,hjemme,ukendt,lav
2215,2011-12-04,Dragør,Gladsaxe Søborg 3,6-0,0,6,hjemme,ukendt,lav
2216,2012-01-15,Gladsaxe Søborg 3,Amager ABC,0-6,0,6,ude,ukendt,lav
2220,2012-03-11,Gladsaxe Søborg 3,Lyngby 3,0-6,0,6,ude,ukendt,lav
2224,2012-03-25,Charlottenlund 3,Gladsaxe Søborg 3,6-0,0,6,hjemme,ukendt,lav
2231,2011-09-25,KBK Kbh. 4,Gladsaxe Søborg 4,6-0,0,6,hjemme,ukendt,lav
2233,2011-10-09,Gladsaxe Søborg 4,Valby BC,0-6,0,6,ude,ukendt,lav
2236,2011-11-20,Gladsaxe Søborg 4,NBK Amager,0-6,0,6,ude,ukendt,lav
2242,2011-12-04,Skovshoved 3,Gladsaxe Søborg 4,6-0,0,6,hjemme,ukendt,lav
2245,2012-01-15,BK36 Kbh.,Gladsaxe Søborg 4,3-3,0,6,ukendt,ukendt,lav
2249,2012-03-11,Gladsaxe Søborg 4,Drive 2,0-6,0,6,ude,ukendt,lav
2252,2012-03-25,Gladsaxe Søborg 4,Hvidovre HB2000,0-6,0,6,ude,ukendt,lav
2286,2011-09-25,Gladsaxe Søborg,Hvidovre,3-5,0,8,ukendt,ukendt,lav
2290,2011-10-09,Charlottenlund 2,Gladsaxe Søborg,2-6,0,8,ukendt,ukendt,lav
2294,2011-11-06,Vanløse,Gladsaxe Søborg,6-2,0,8,ukendt,ukendt,lav
2302,2011-11-20,Drive,Gladsaxe Søborg,2-6,0,8,ukendt,ukendt,lav
2308,2011-12-04,Gladsaxe Søborg,Dragør,3-5,0,8,ukendt,ukendt,lav
2312,2012-01-15,Gladsaxe Søborg,KBK Kbh. 2,4-4,0,8,ukendt,ukendt,lav
2316,2012-02-12,FKIF Frederiksberg,Gladsaxe Søborg,0-8,0,8,ude,ukendt,lav
2323,2012-03-11,Gladsaxe Søborg,Frederiksberg,5-3,0,8,ukendt,ukendt,lav
2327,2012-03-25,Gladsaxe Søborg,Skovshoved 2,4-4,0,8,ukendt,ukendt,lav
2329,2011-09-25,KBK Kbh. 3,Gladsaxe Søborg 2,8-0,0,8,hjemme,ukendt,lav
2336,2011-10-09,Gladsaxe Søborg 2,Charlottenlund 3,0-8,0,8,ude,ukendt,lav
2340,2011-11-06,Gladsaxe Søborg 2,Drive 2,0-8,0,8,ude,ukendt,lav
2344,2011-11-20,Vanløse 2,Gladsaxe Søborg 2,4-4,0,8,ukendt,ukendt,lav
2352,2012-01-15,Gladsaxe Søborg 2,Lyngby 2,0-8,0,8,ude,ukendt,lav
2353,2012-02-26,Amager ABC,Gladsaxe Søborg 2,8-0,0,8,hjemme,ukendt,lav
2360,2012-03-11,Gladsaxe Søborg 2,Frederiksberg 2,0-8,0,8,ude,ukendt,lav
2362,2012-03-25,KFUM Badminton Kbh.,Gladsaxe Søborg 2,8-0,0,8,hjemme,ukendt,lav
2365,2011-09-25,Gladsaxe Søborg 3,Hvidovre HB2000,2-4,0,6,ukendt,ukendt,lav
2372,2011-10-09,KMB2010 2,Gladsaxe Søborg 3,2-4,0,6,ukendt,ukendt,lav
2374,2011-11-20,NBK Amager,Gladsaxe Søborg 3,0-6,0,6,ude,ukendt,lav
2377,2011-12-04,Gladsaxe Søborg 3,FKIF Frederiksberg,2-4,0,6,ukendt,ukendt,lav
2382,2012-01-15,Gladsaxe Søborg 3,BK36 Kbh.,6-0,0,6,hjemme,ukendt,lav
2385,2012-03-11,Vanløse 3,Gladsaxe Søborg 3,6-0,0,6,hjemme,ukendt,lav
2390,2012-03-25,KBK Kbh. 4,Gladsaxe Søborg 3,0-6,0,6,ude,ukendt,lav
2396,2011-09-25,Drive 3,Gladsaxe Søborg 4,3-3,0,6,ukendt,ukendt,lav
2397,2011-10-09,Gladsaxe Søborg 4,Sundby KFUM,0-6,0,6,ude,ukendt,lav
2402,2011-11-06,Gladsaxe Søborg 4,Dragør 2,0-6,0,6,ude,ukendt,lav
2405,2011-11-20,Valby BC,Gladsaxe Søborg 4,6-0,0,6,hjemme,ukendt,lav
2410,2011-12-04,Gladsaxe Søborg 4,Hvidovre HB2000 2,0-6,0,6,ude,ukendt,lav
2417,2012-02-26,Gladsaxe Søborg 4,Tono Kbh.,0-6,0,6,ude,ukendt,lav
2421,2012-03-11,KFUM Badminton Kbh. 2,Gladsaxe Søborg 4,3-3,0,6,ukendt,ukendt,lav
2425,2012-03-25,Amager ABC 2,Gladsaxe Søborg 4,6-0,0,6,hjemme,ukendt,lav
2478,2011-10-09,Gladsaxe Søborg,Drive,6-2,0,8,ukendt,ukendt,lav
2481,2011-11-06,Hvidovre HB2000,Gladsaxe Søborg,0-8,0,8,ude,ukendt,lav
2487,2011-11-20,Gladsaxe Søborg,BC37 Amager,6-2,0,8,ukendt,ukendt,lav
2490,2011-12-04,Vanløse 2,Gladsaxe Søborg,4-4,0,8,ukendt,ukendt,lav
2493,2012-01-15,Charlottenlund 3,Gladsaxe Søborg,2-6,0,8,ukendt,ukendt,lav
2498,2012-02-26,KBK Kbh. 3,Gladsaxe Søborg,4-4,0,8,ukendt,ukendt,lav
2502,2012-03-11,Gladsaxe Søborg,Frederiksberg,8-0,0,8,hjemme,ukendt,lav
2507,2012-03-25,Gladsaxe Søborg,Amager ABC,5-3,0,8,ukendt,ukendt,lav
2509,2011-09-25,KFUM Badminton Kbh.,Gladsaxe Søborg 2,3-3,0,6,ukendt,ukendt,lav
2515,2011-10-09,Gladsaxe Søborg 2,Valby BC,3-3,0,6,ukendt,ukendt,lav
2516,2011-11-20,FKIF Frederiksberg 2,Gladsaxe Søborg 2,0-6,0,6,ude,ukendt,lav
2523,2011-12-04,Gladsaxe Søborg 2,Rødovre,5-1,0,6,ukendt,ukendt,lav
2526,2012-01-15,BK36 Kbh.,Gladsaxe Søborg 2,0-6,0,6,ude,ukendt,lav
2531,2012-03-11,Gladsaxe Søborg 2,SMASH,6-0,0,6,hjemme,ukendt,lav
2535,2012-03-25,Gladsaxe Søborg 2,NBK Amager,5-1,0,6,ukendt,ukendt,lav
30156,2011-09-25,Gladsaxe Søborg 3,Hvidovre HB2000,5-1,0,6,ukendt,ukendt,lav
2543,2011-10-09,Vanløse 3,Gladsaxe Søborg 3,2-4,0,6,ukendt,ukendt,lav
2545,2011-11-20,KFUM Badminton Kbh. 2,Gladsaxe Søborg 3,0-6,0,6,ude,ukendt,lav
2548,2011-12-04,Gladsaxe Søborg 3,Valby BC 2,6-0,0,6,hjemme,ukendt,lav
2553,2012-01-15,Gladsaxe Søborg 3,Dragør 2,5-1,0,6,ukendt,ukendt,lav
2556,2012-03-11,Drive 2,Gladsaxe Søborg 3,2-4,0,6,ukendt,ukendt,lav
2561,2012-03-25,Sundby KFUM 2,Gladsaxe Søborg 3,5-1,0,6,ukendt,ukendt,lav
2579,2011-09-25,KBK Kbh. 2,Gladsaxe Søborg,8-0,0,8,hjemme,ukendt,lav
2580,2011-10-09,Gladsaxe Søborg,Lyngby,4-4,0,8,ukendt,ukendt,lav
2585,2011-11-06,Gladsaxe Søborg,Drive,0-8,0,8,ude,ukendt,lav
2588,2011-11-20,FKIF Frederiksberg,Gladsaxe Søborg,8-0,0,8,hjemme,ukendt,lav
32396,2011-12-04,Gladsaxe Søborg,Sundby KFUM,0-8,0,8,ude,ukendt,lav
2600,2012-02-26,Gladsaxe Søborg,BC37 Amager,0-8,0,8,ude,ukendt,lav
2604,2012-03-11,Hvidovre HB2000,Gladsaxe Søborg,8-0,0,8,hjemme,ukendt,lav
2608,2012-03-25,Charlottenlund,Gladsaxe Søborg,8-0,0,8,hjemme,ukendt,lav
1903,2011-12-18,Gladsaxe Søborg,Kalundborg,13-0,0,13,hjemme,ukendt,lav
1634,2011-10-02,Gentofte 5,Gladsaxe Søborg 2,9-4,0,13,ukendt,ukendt,lav
1636,2011-10-16,Gladsaxe Søborg 2,SMASH 2,13-0,0,13,hjemme,ukendt,lav
1639,2011-11-13,Gladsaxe Søborg 2,Lyngby 4,13-0,0,13,hjemme,ukendt,lav
1645,2012-01-08,Amager ABC 2,Gladsaxe Søborg 2,5-8,0,13,ukendt,ukendt,lav
1648,2012-02-05,Frederiksberg 3,Gladsaxe Søborg 2,5-8,0,13,ukendt,ukendt,lav
1652,2012-03-04,Gladsaxe Søborg 2,Charlottenlund 3,4-9,0,13,ukendt,ukendt,lav
1655,2012-04-01,Gladsaxe Søborg 2,KBK Kbh. 5,4-9,0,13,ukendt,ukendt,lav
1717,2011-10-02,Gladsaxe Søborg 3,KSI Badmintonklub Kbh. 2,3-10,0,13,ukendt,ukendt,lav
1720,2011-10-16,Frederiksberg 4,Gladsaxe Søborg 3,10-3,0,13,ukendt,ukendt,lav
1724,2011-11-13,Gladsaxe Søborg 3,FKIF Frederiksberg 3,2-11,0,13,ukendt,ukendt,lav
1728,2012-01-08,Pan Kbh. 2,Gladsaxe Søborg 3,5-8,0,13,ukendt,ukendt,lav
1733,2012-02-05,Gladsaxe Søborg 3,KFUM Badminton Kbh.,7-6,0,13,ukendt,ukendt,lav
1737,2012-03-04,Hvidovre HB2000 2,Gladsaxe Søborg 3,12-1,0,13,ukendt,ukendt,lav
1741,2012-04-01,BC37 Amager 3,Gladsaxe Søborg 3,7-6,0,13,ukendt,ukendt,lav
2664,2011-09-25,KBK Kbh. 2,Gladsaxe Søborg,2-10,0,12,ukendt,ukendt,lav
2668,2011-11-06,Drive,Gladsaxe Søborg,5-7,0,12,ukendt,ukendt,lav
2669,2011-12-11,Gladsaxe Søborg,Rødovre 2,6-6,0,12,ukendt,ukendt,lav
2676,2012-01-15,Posten Kbh.,Gladsaxe Søborg,4-8,0,12,ukendt,ukendt,lav
2677,2012-03-04,Gladsaxe Søborg,ØBK/BK Kbh.,7-5,0,12,ukendt,ukendt,lav
2681,2012-03-18,Gladsaxe Søborg,Lyngby 2,8-4,0,12,ukendt,ukendt,lav
2685,2012-04-01,Tingbjerg,Gladsaxe Søborg,3-9,0,12,ukendt,ukendt,lav
2689,2011-09-25,Gladsaxe Søborg 2,Frederiksberg,7-5,0,12,ukendt,ukendt,lav
2695,2011-11-06,Gladsaxe Søborg 2,Hvidovre HB2000 2,11-1,0,12,ukendt,ukendt,lav
2699,2011-12-11,Sundby KFUM,Gladsaxe Søborg 2,4-8,0,12,ukendt,ukendt,lav
2702,2012-01-15,Gladsaxe Søborg 2,Gentofte 3,7-5,0,12,ukendt,ukendt,lav
2706,2012-03-04,Dragør 2,Gladsaxe Søborg 2,4-8,0,12,ukendt,ukendt,lav
2709,2012-03-18,Hvidovre 2,Gladsaxe Søborg 2,8-4,0,12,ukendt,ukendt,lav
2714,2012-04-01,Gladsaxe Søborg 2,NBK Amager,7-5,0,12,ukendt,ukendt,lav
2747,2011-09-25,FKIF Frederiksberg 3,Gladsaxe Søborg 3,5-7,0,12,ukendt,ukendt,lav
2749,2011-11-06,Gladsaxe Søborg 3,KBK Kbh. 3,5-7,0,12,ukendt,ukendt,lav
2754,2011-12-11,Gladsaxe Søborg 3,Hvidovre HB2000 3,7-5,0,12,ukendt,ukendt,lav
2759,2012-01-15,Amager ABC 3,Gladsaxe Søborg 3,8-4,0,12,ukendt,ukendt,lav
2762,2012-03-04,Gladsaxe Søborg 3,BK36 Kbh.,9-3,0,12,ukendt,ukendt,lav
2766,2012-03-18,Gentofte 4,Gladsaxe Søborg 3,8-4,0,12,ukendt,ukendt,lav
2769,2012-04-01,Gladsaxe Søborg 3,BC KVIK Kbh.,11-1,0,12,ukendt,ukendt,lav
2832,2011-10-16,KMB2010 3,Gladsaxe Søborg 4,9-3,0,12,ukendt,ukendt,lav
2837,2011-10-30,Gladsaxe Søborg 4,Lyngby 5,7-5,0,12,ukendt,ukendt,lav
2840,2011-12-11,FKIF Frederiksberg 4,Gladsaxe Søborg 4,4-8,0,12,ukendt,ukendt,lav
2843,2012-01-22,Gladsaxe Søborg 4,Hvidovre HB2000 4,7-5,0,12,ukendt,ukendt,lav
2845,2012-03-04,Drive 4,Gladsaxe Søborg 4,6-6,0,12,ukendt,ukendt,lav
2849,2012-03-25,Gladsaxe Søborg 4,Rødovre 3,7-5,0,12,ukendt,ukendt,lav
2922,2011-10-02,Rødovre,Gladsaxe Søborg,3-5,0,8,ukendt,ukendt,lav
2924,2011-11-13,Gladsaxe Søborg,Charlottenlund,4-4,0,8,ukendt,ukendt,lav
2929,2011-12-11,FKIF Frederiksberg,Gladsaxe Søborg,5-3,0,8,ukendt,ukendt,lav
2933,2012-01-22,Gladsaxe Søborg,KBK Kbh.,6-2,0,8,ukendt,ukendt,lav
2935,2012-02-05,Gladsaxe Søborg,Gentofte,2-6,0,8,ukendt,ukendt,lav
2939,2012-03-18,Lyngby,Gladsaxe Søborg,3-5,0,8,ukendt,ukendt,lav
2943,2012-04-15,Dragør,Gladsaxe Søborg,0-8,0,8,ude,ukendt,lav
2950,2011-10-02,Sundby KFUM,Gladsaxe Søborg 2,1-7,0,8,ukendt,ukendt,lav
2953,2011-11-13,Amager ABC,Gladsaxe Søborg 2,4-4,0,8,ukendt,ukendt,lav
2956,2011-12-11,Gladsaxe Søborg 2,FKIF Frederiksberg 2,4-4,0,8,ukendt,ukendt,lav
2960,2012-01-08,Gladsaxe Søborg 2,Tingbjerg,3-5,0,8,ukendt,ukendt,lav
2963,2012-02-05,Skovshoved,Gladsaxe Søborg 2,5-3,0,8,ukendt,ukendt,lav
2968,2012-03-18,Gladsaxe Søborg 2,Drive,4-4,0,8,ukendt,ukendt,lav
2974,2012-04-01,BK36 Kbh.,Gladsaxe Søborg 2,0-8,0,8,ude,ukendt,lav
3042,2011-10-02,Gladsaxe Søborg 3,Sporvejenes IF,6-2,0,8,ukendt,ukendt,lav
3047,2011-11-13,Gladsaxe Søborg 3,Rødovre 2,6-2,0,8,ukendt,ukendt,lav
3049,2011-12-11,Hvidovre HB2000 2,Gladsaxe Søborg 3,0-8,0,8,ude,ukendt,lav
3054,2012-01-08,Gladsaxe Søborg 3,BKPOINT Kbh.,4-4,0,8,ukendt,ukendt,lav
3058,2012-02-05,Dragør 3,Gladsaxe Søborg 3,1-7,0,8,ukendt,ukendt,lav
3062,2012-03-18,Lyngby 3,Gladsaxe Søborg 3,8-0,0,8,hjemme,ukendt,lav
3066,2012-04-01,Gladsaxe Søborg 3,Valby BC,8-0,0,8,hjemme,ukendt,lav
3157,2011-10-02,Gladsaxe Søborg,Charlottenlund 2,0-8,0,8,ude,ukendt,lav
3161,2011-11-27,BKPOINT Kbh.,Gladsaxe Søborg,8-0,0,8,hjemme,ukendt,lav
3167,2012-01-08,Gladsaxe Søborg,Posten Kbh.,0-8,0,8,ude,ukendt,lav
3171,2012-02-26,Valby BC,Gladsaxe Søborg,8-0,0,8,hjemme,ukendt,lav
3172,2012-03-11,Gentofte,Gladsaxe Søborg,8-0,0,8,hjemme,ukendt,lav
3175,2012-03-25,Gladsaxe Søborg,NBK Amager,4-4,0,8,ukendt,ukendt,lav
23219,2010-09-26,Taastrup Elite 1,Gladsaxe Søborg 1,6-7,12,1,ude,ukendt,lav
