"navn","normalized ID","kandidat-IDer","klubber","sæsoner","aldersgrupper","antal kampe","evidens","christoffers_valg"
"Cecilie Johansen","74","[""id:196670"",""id:275756"",""id:346158""]","[""Gladsaxe Søborg"",""modstander""]","[2023,2024,2025]","[""age_group_id:2"",""age_group_id:3"",""age_group_id:4""]","49","normalized navn=Cecilie Johansen | sæsoner=2023|2024|2025 | klubkontekst=Gladsaxe Søborg|modstander | id:196670 rangliste=0 national_GSB_kampe=0 | id:275756 rangliste=0 national_GSB_kampe=0 | id:346158 rangliste=11 national_GSB_kampe=0 | 164_kandidater=196670|275756|346158 | events=intet ID-match i 154/158/158b | regel=R3: flere eksakte identitetskandidater; ingen valgt",""
"Line Nielsen","218","[""id:14375"",""id:211759"",""id:319851"",""id:346046"",""id:60284""]","[""modstander"",""Gladsaxe Søborg""]","[2012,2015,2019,2020,2021,2022,2023,2024,2025]","[""age_group_id:1"",""age_group_id:9""]","142","normalized navn=Line Nielsen | sæsoner=2012|2015|2019|2020|2021|2022|2023|2024|2025 | klubkontekst=modstander|Gladsaxe Søborg | id:14375 rangliste=5 national_GSB_kampe=0 | id:211759 rangliste=0 national_GSB_kampe=0 | id:319851 rangliste=0 national_GSB_kampe=0 | id:346046 rangliste=0 national_GSB_kampe=0 | id:60284 rangliste=0 national_GSB_kampe=0 | 164_kandidater=14375|211759|319851|346046|60284 | events=intet ID-match i 154/158/158b | regel=R3: flere eksakte identitetskandidater; ingen valgt",""
"Jonathan W. Hansen","226","[""id:244750"",""id:93216""]","[""Gladsaxe Søborg""]","[2012,2013,2014,2015,2016,2017,2018,2019,2020,2021,2022,2023,2024,2025]","[""age_group_id:1"",""age_group_id:18"",""age_group_id:4"",""age_group_id:5""]","248","normalized navn=Jonathan W. Hansen | sæsoner=2012|2013|2014|2015|2016|2017|2018|2019|2020|2021|2022|2023|2024|2025 | klubkontekst=Gladsaxe Søborg | id:244750 rangliste=0 national_GSB_kampe=0 | id:93216 rangliste=2 national_GSB_kampe=0 | 164_kandidater=244750|93216 | events=intet ID-match i 154/158/158b | regel=R3: flere eksakte identitetskandidater; ingen valgt",""
"Thor Pedersen","356","[""id:346163"",""id:85360""]","[""Gladsaxe Søborg""]","[2025]","[""age_group_id:1""]","22","normalized navn=Thor Pedersen | sæsoner=2025 | klubkontekst=Gladsaxe Søborg | id:346163 rangliste=0 national_GSB_kampe=0 | id:85360 rangliste=2 national_GSB_kampe=0 | 164_kandidater=346163|85360 | events=intet ID-match i 154/158/158b | regel=R3: flere eksakte identitetskandidater; ingen valgt",""
"Sebastian Almeida Møller","460","[""id:156553"",""id:172328"",""id:257822"",""id:323755"",""id:323997"",""id:331929""]","[""Gladsaxe Søborg""]","[2020,2021,2022,2023,2024,2025]","[""age_group_id:1"",""age_group_id:18"",""age_group_id:3"",""age_group_id:4"",""age_group_id:5""]","91","normalized navn=Sebastian Almeida Møller | sæsoner=2020|2021|2022|2023|2024|2025 | klubkontekst=Gladsaxe Søborg | id:156553 rangliste=0 national_GSB_kampe=0 | id:172328 rangliste=0 national_GSB_kampe=0 | id:257822 rangliste=0 national_GSB_kampe=0 | id:323755 rangliste=0 national_GSB_kampe=0 | id:323997 rangliste=3 national_GSB_kampe=0 | id:331929 rangliste=0 national_GSB_kampe=0 | 164_kandidater=156553|172328|257822|323755|323997|331929 | events=intet ID-match i 154/158/158b | regel=R3: flere eksakte identitetskandidater; ingen valgt",""
"Lene Sørensen","461","[""id:14764"",""id:210991"",""id:6170"",""id:6926""]","[""Gladsaxe Søborg"",""modstander""]","[2011,2012,2013,2014,2015,2016,2017,2018,2019,2020,2021,2022,2025]","[""age_group_id:1"",""age_group_id:9""]","144","normalized navn=Lene Sørensen | sæsoner=2011|2012|2013|2014|2015|2016|2017|2018|2019|2020|2021|2022|2025 | klubkontekst=Gladsaxe Søborg|modstander | id:14764 rangliste=4 national_GSB_kampe=0 | id:210991 rangliste=0 national_GSB_kampe=0 | id:6170 rangliste=0 national_GSB_kampe=0 | id:6926 rangliste=0 national_GSB_kampe=0 | 164_kandidater=14764|210991|6170|6926 | events=intet ID-match i 154/158/158b | regel=R3: flere eksakte identitetskandidater; ingen valgt",""
"Christian Staal","466","[""id:156578"",""id:158750""]","[""Gladsaxe Søborg""]","[2021,2022,2023,2024,2025]","[""age_group_id:1""]","64","normalized navn=Christian Staal | sæsoner=2021|2022|2023|2024|2025 | klubkontekst=Gladsaxe Søborg | id:156578 rangliste=0 national_GSB_kampe=0 | id:158750 rangliste=1 national_GSB_kampe=0 | 164_kandidater=156578|158750 | events=intet ID-match i 154/158/158b | regel=R3: flere eksakte identitetskandidater; ingen valgt",""
"Linda Bækgaard","471","[""id:16498""]","[""Gladsaxe Søborg""]","[2012,2014,2015,2016,2017,2018,2019,2020,2021,2022,2023,2024,2025]","[""age_group_id:1""]","158","normalized navn=Linda Bækgaard | sæsoner=2012|2014|2015|2016|2017|2018|2019|2020|2021|2022|2023|2024|2025 | klubkontekst=Gladsaxe Søborg | id:16498 rangliste=7 national_GSB_kampe=0 | 164_kandidater=16498 | events=intet ID-match i 154/158/158b | regel=R2: entydig 164-navnekandidat med GSB-kontekst; R1 ikke fuldt opfyldt",""
"Jens Møller","488","[""id:229018"",""id:254438"",""id:299417"",""id:337313""]","[""Gladsaxe Søborg""]","[2022,2023,2024,2025]","[""age_group_id:1"",""age_group_id:11"",""age_group_id:9""]","126","normalized navn=Jens Møller | sæsoner=2022|2023|2024|2025 | klubkontekst=Gladsaxe Søborg | id:229018 rangliste=0 national_GSB_kampe=0 | id:254438 rangliste=0 national_GSB_kampe=0 | id:299417 rangliste=0 national_GSB_kampe=0 | id:337313 rangliste=3 national_GSB_kampe=0 | 164_kandidater=229018|254438|299417|337313 | events=intet ID-match i 154/158/158b | regel=R3: flere eksakte identitetskandidater; ingen valgt",""
"Yiting Chen","558","[""id:251584"",""id:306452""]","[""Gladsaxe Søborg""]","[2019,2020,2021,2022,2023,2024,2025]","[""age_group_id:1"",""age_group_id:9""]","66","normalized navn=Yiting Chen | sæsoner=2019|2020|2021|2022|2023|2024|2025 | klubkontekst=Gladsaxe Søborg | id:251584 rangliste=2 national_GSB_kampe=0 | id:306452 rangliste=0 national_GSB_kampe=0 | 164_kandidater=251584|306452 | events=intet ID-match i 154/158/158b | regel=R3: flere eksakte identitetskandidater; ingen valgt",""
"Carsten Nørgaard","584","[""id:196704"",""id:238703""]","[""Gladsaxe Søborg""]","[2013,2014,2015,2016,2017,2018,2019,2020,2021,2022,2023,2024,2025]","[""age_group_id:1"",""age_group_id:11"",""age_group_id:9""]","229","normalized navn=Carsten Nørgaard | sæsoner=2013|2014|2015|2016|2017|2018|2019|2020|2021|2022|2023|2024|2025 | klubkontekst=Gladsaxe Søborg | id:196704 rangliste=0 national_GSB_kampe=0 | id:238703 rangliste=1 national_GSB_kampe=0 | 164_kandidater=196704|238703 | events=intet ID-match i 154/158/158b | regel=R3: flere eksakte identitetskandidater; ingen valgt",""
"Farshid Attarhamed","686","[""id:355361"",""id:363130""]","[""Gladsaxe Søborg""]","[2024,2025]","[""age_group_id:1""]","10","normalized navn=Farshid Attarhamed | sæsoner=2024|2025 | klubkontekst=Gladsaxe Søborg | id:355361 rangliste=1 national_GSB_kampe=0 | id:363130 rangliste=0 national_GSB_kampe=0 | 164_kandidater=355361|363130 | events=intet ID-match i 154/158/158b | regel=R3: flere eksakte identitetskandidater; ingen valgt",""
"Martin Nielsen","691","[""id:212589"",""id:228123"",""id:292653"",""id:340168"",""id:34166"",""id:347588"",""id:364776"",""id:56997"",""id:81705"",""id:91951""]","[""modstander"",""Gladsaxe Søborg""]","[2017,2018,2021,2024,2025]","[""age_group_id:1""]","14","normalized navn=Martin Nielsen | sæsoner=2017|2018|2021|2024|2025 | klubkontekst=modstander|Gladsaxe Søborg | id:212589 rangliste=0 national_GSB_kampe=0 | id:228123 rangliste=0 national_GSB_kampe=0 | id:292653 rangliste=0 national_GSB_kampe=0 | id:340168 rangliste=0 national_GSB_kampe=0 | id:34166 rangliste=0 national_GSB_kampe=0 | id:347588 rangliste=0 national_GSB_kampe=0 | id:364776 rangliste=0 national_GSB_kampe=0 | id:56997 rangliste=0 national_GSB_kampe=0 | id:81705 rangliste=0 national_GSB_kampe=0 | id:91951 rangliste=0 national_GSB_kampe=0 | 164_kandidater=212589|228123|292653|340168|34166|347588|364776|56997|81705|91951 | events=intet ID-match i 154/158/158b | regel=R3: flere eksakte identitetskandidater; ingen valgt",""
"Jan Pedersen","740","[""id:178699"",""id:238078"",""id:252829"",""id:309360"",""id:360676"",""id:7585""]","[""Gladsaxe Søborg""]","[2025]","[""age_group_id:1"",""age_group_id:9""]","16","normalized navn=Jan Pedersen | sæsoner=2025 | klubkontekst=Gladsaxe Søborg | id:178699 rangliste=0 national_GSB_kampe=0 | id:238078 rangliste=0 national_GSB_kampe=0 | id:252829 rangliste=0 national_GSB_kampe=0 | id:309360 rangliste=0 national_GSB_kampe=0 | id:360676 rangliste=1 national_GSB_kampe=0 | id:7585 rangliste=0 national_GSB_kampe=0 | 164_kandidater=178699|238078|252829|309360|360676|7585 | events=intet ID-match i 154/158/158b | regel=R3: flere eksakte identitetskandidater; ingen valgt",""
"Chiori Nagatsuka","752","[""id:253538"",""id:348041""]","[""modstander"",""Gladsaxe Søborg""]","[2015,2025]","[""age_group_id:1"",""age_group_id:9""]","6","normalized navn=Chiori Nagatsuka | sæsoner=2015|2025 | klubkontekst=modstander|Gladsaxe Søborg | id:253538 rangliste=0 national_GSB_kampe=0 | id:348041 rangliste=0 national_GSB_kampe=0 | 164_kandidater=253538|348041 | events=intet ID-match i 154/158/158b | regel=R3: flere eksakte identitetskandidater; ingen valgt",""
"Morten Nielsen","862","[""id:10824"",""id:11869"",""id:206496"",""id:21524"",""id:230123"",""id:236510"",""id:236858"",""id:243073"",""id:248329"",""id:250064"",""id:251682"",""id:269497"",""id:277855"",""id:307144"",""id:320154"",""id:341447"",""id:8612""]","[""modstander"",""Gladsaxe Søborg""]","[2013,2018,2019,2020,2021,2022,2023,2024,2025]","[""age_group_id:11"",""age_group_id:9""]","98","normalized navn=Morten Nielsen | sæsoner=2013|2018|2019|2020|2021|2022|2023|2024|2025 | klubkontekst=modstander|Gladsaxe Søborg | id:10824 rangliste=0 national_GSB_kampe=0 | id:11869 rangliste=0 national_GSB_kampe=0 | id:206496 rangliste=0 national_GSB_kampe=0 | id:21524 rangliste=0 national_GSB_kampe=0 | id:230123 rangliste=0 national_GSB_kampe=0 | id:236510 rangliste=0 national_GSB_kampe=0 | id:236858 rangliste=0 national_GSB_kampe=0 | id:243073 rangliste=0 national_GSB_kampe=0 | id:248329 rangliste=0 national_GSB_kampe=0 | id:250064 rangliste=0 national_GSB_kampe=0 | id:251682 rangliste=0 national_GSB_kampe=0 | id:269497 rangliste=0 national_GSB_kampe=0 | id:277855 rangliste=0 national_GSB_kampe=0 | id:307144 rangliste=0 national_GSB_kampe=0 | id:320154 rangliste=0 national_GSB_kampe=0 | id:341447 rangliste=0 national_GSB_kampe=0 | id:8612 rangliste=0 national_GSB_kampe=0 | 164_kandidater=10824|11869|206496|21524|230123|236510|236858|243073|248329|250064|251682|269497|277855|307144|320154|341447|8612 | events=intet ID-match i 154/158/158b | regel=R3: flere eksakte identitetskandidater; ingen valgt",""
"Rasmus Kristensen","954","[""id:234574"",""id:269253"",""id:325700"",""id:344371"",""id:366934"",""id:81858""]","[""Gladsaxe Søborg""]","[2025]","[""age_group_id:9""]","14","normalized navn=Rasmus Kristensen | sæsoner=2025 | klubkontekst=Gladsaxe Søborg | id:234574 rangliste=0 national_GSB_kampe=0 | id:269253 rangliste=0 national_GSB_kampe=0 | id:325700 rangliste=0 national_GSB_kampe=0 | id:344371 rangliste=0 national_GSB_kampe=0 | id:366934 rangliste=0 national_GSB_kampe=0 | id:81858 rangliste=0 national_GSB_kampe=0 | 164_kandidater=234574|269253|325700|344371|366934|81858 | events=intet ID-match i 154/158/158b | regel=R3: flere eksakte identitetskandidater; ingen valgt",""
"Torben Larsen","965","[""id:14168"",""id:296007"",""id:355423"",""id:359827""]","[""Gladsaxe Søborg""]","[2025]","[""age_group_id:11"",""age_group_id:9""]","14","normalized navn=Torben Larsen | sæsoner=2025 | klubkontekst=Gladsaxe Søborg | id:14168 rangliste=0 national_GSB_kampe=0 | id:296007 rangliste=0 national_GSB_kampe=0 | id:355423 rangliste=0 national_GSB_kampe=0 | id:359827 rangliste=0 national_GSB_kampe=0 | 164_kandidater=14168|296007|355423|359827 | events=intet ID-match i 154/158/158b | regel=R3: flere eksakte identitetskandidater; ingen valgt",""
"Christian Kjær","1019","[""id:235147"",""id:356457""]","[""Gladsaxe Søborg""]","[2024,2025]","[""age_group_id:1"",""age_group_id:9""]","12","normalized navn=Christian Kjær | sæsoner=2024|2025 | klubkontekst=Gladsaxe Søborg | id:235147 rangliste=0 national_GSB_kampe=0 | id:356457 rangliste=2 national_GSB_kampe=0 | 164_kandidater=235147|356457 | events=intet ID-match i 154/158/158b | regel=R3: flere eksakte identitetskandidater; ingen valgt",""
"Kim Jørgensen","1026","[""id:15157"",""id:165257"",""id:178753"",""id:199504"",""id:211236"",""id:211735"",""id:223409"",""id:228534"",""id:276894"",""id:69384"",""id:8063""]","[""modstander"",""Gladsaxe Søborg""]","[2010,2012,2013,2014,2015,2016,2017,2018,2019,2021,2022,2023,2024,2025]","[""age_group_id:1"",""age_group_id:11"",""age_group_id:13"",""age_group_id:9""]","202","normalized navn=Kim Jørgensen | sæsoner=2010|2012|2013|2014|2015|2016|2017|2018|2019|2021|2022|2023|2024|2025 | klubkontekst=modstander|Gladsaxe Søborg | id:15157 rangliste=0 national_GSB_kampe=0 | id:165257 rangliste=0 national_GSB_kampe=0 | id:178753 rangliste=0 national_GSB_kampe=0 | id:199504 rangliste=0 national_GSB_kampe=0 | id:211236 rangliste=0 national_GSB_kampe=0 | id:211735 rangliste=0 national_GSB_kampe=0 | id:223409 rangliste=0 national_GSB_kampe=0 | id:228534 rangliste=0 national_GSB_kampe=0 | id:276894 rangliste=0 national_GSB_kampe=0 | id:69384 rangliste=0 national_GSB_kampe=0 | id:8063 rangliste=0 national_GSB_kampe=0 | 164_kandidater=15157|165257|178753|199504|211236|211735|223409|228534|276894|69384|8063 | events=intet ID-match i 154/158/158b | regel=R3: flere eksakte identitetskandidater; ingen valgt",""
"Gert Poulsen","1084","[""id:166793"",""id:322281""]","[""Gladsaxe Søborg""]","[2012,2013,2014,2015,2016,2017,2018,2019,2020,2021,2022,2023,2024,2025]","[""age_group_id:11"",""age_group_id:13"",""age_group_id:17"",""age_group_id:9""]","345","normalized navn=Gert Poulsen | sæsoner=2012|2013|2014|2015|2016|2017|2018|2019|2020|2021|2022|2023|2024|2025 | klubkontekst=Gladsaxe Søborg | id:166793 rangliste=1 national_GSB_kampe=0 | id:322281 rangliste=0 national_GSB_kampe=0 | 164_kandidater=166793|322281 | events=intet ID-match i 154/158/158b | regel=R3: flere eksakte identitetskandidater; ingen valgt",""
"Frank Nielsen","1204","[""id:199485"",""id:213368"",""id:231123""]","[""modstander"",""Gladsaxe Søborg""]","[2012,2014,2015,2016,2017,2018,2019,2020,2021,2022,2023,2024,2025]","[""age_group_id:11"",""age_group_id:13"",""age_group_id:9""]","132","normalized navn=Frank Nielsen | sæsoner=2012|2014|2015|2016|2017|2018|2019|2020|2021|2022|2023|2024|2025 | klubkontekst=modstander|Gladsaxe Søborg | id:199485 rangliste=0 national_GSB_kampe=0 | id:213368 rangliste=0 national_GSB_kampe=0 | id:231123 rangliste=0 national_GSB_kampe=0 | 164_kandidater=199485|213368|231123 | events=intet ID-match i 154/158/158b | regel=R3: flere eksakte identitetskandidater; ingen valgt",""
"Jonathan Nielsen","1952","[""id:338548"",""id:359276"",""id:361768"",""id:89005""]","[""modstander"",""Gladsaxe Søborg""]","[2023,2025]","[""age_group_id:1"",""age_group_id:2""]","14","normalized navn=Jonathan Nielsen | sæsoner=2023|2025 | klubkontekst=modstander|Gladsaxe Søborg | id:338548 rangliste=0 national_GSB_kampe=0 | id:359276 rangliste=0 national_GSB_kampe=0 | id:361768 rangliste=0 national_GSB_kampe=0 | id:89005 rangliste=0 national_GSB_kampe=0 | 164_kandidater=338548|359276|361768|89005 | events=intet ID-match i 154/158/158b | regel=R3: flere eksakte identitetskandidater; ingen valgt",""
"Leif Hansen","2227","[""id:212382"",""id:241625""]","[""Gladsaxe Søborg"",""modstander""]","[2012,2013,2014,2015,2016,2017,2018,2019,2020,2021,2022,2023,2024,2025]","[""age_group_id:11"",""age_group_id:13"",""age_group_id:17"",""age_group_id:9""]","378","normalized navn=Leif Hansen | sæsoner=2012|2013|2014|2015|2016|2017|2018|2019|2020|2021|2022|2023|2024|2025 | klubkontekst=Gladsaxe Søborg|modstander | id:212382 rangliste=0 national_GSB_kampe=0 | id:241625 rangliste=0 national_GSB_kampe=0 | 164_kandidater=212382|241625 | events=intet ID-match i 154/158/158b | regel=R3: flere eksakte identitetskandidater; ingen valgt",""
"Nicholas Andersen","6848","[""id:212042"",""id:355150""]","[""Gladsaxe Søborg""]","[2024,2025]","[""age_group_id:4""]","4","normalized navn=Nicholas Andersen | sæsoner=2024|2025 | klubkontekst=Gladsaxe Søborg | id:212042 rangliste=0 national_GSB_kampe=0 | id:355150 rangliste=3 national_GSB_kampe=0 | 164_kandidater=212042|355150 | events=intet ID-match i 154/158/158b | regel=R3: flere eksakte identitetskandidater; ingen valgt",""
"Noah larsen","7026","[""id:267703"",""id:358233"",""id:362618""]","[""Gladsaxe Søborg""]","[2024,2025]","[""age_group_id:3"",""age_group_id:4""]","20","normalized navn=Noah larsen | sæsoner=2024|2025 | klubkontekst=Gladsaxe Søborg | id:267703 rangliste=0 national_GSB_kampe=0 | id:358233 rangliste=5 national_GSB_kampe=0 | id:362618 rangliste=0 national_GSB_kampe=0 | 164_kandidater=267703|358233|362618 | events=intet ID-match i 154/158/158b | regel=R3: flere eksakte identitetskandidater; ingen valgt",""
"Philip Andersen","7031","[""id:328895"",""id:335301"",""id:357627""]","[""Gladsaxe Søborg""]","[2024,2025]","[""age_group_id:3"",""age_group_id:4""]","24","normalized navn=Philip Andersen | sæsoner=2024|2025 | klubkontekst=Gladsaxe Søborg | id:328895 rangliste=0 national_GSB_kampe=0 | id:335301 rangliste=0 national_GSB_kampe=0 | id:357627 rangliste=7 national_GSB_kampe=0 | 164_kandidater=328895|335301|357627 | events=intet ID-match i 154/158/158b | regel=R3: flere eksakte identitetskandidater; ingen valgt",""
