navn;normalized_id;valgt_id;klasse;kilde;kandidater
Cecilie Johansen;74;346158;sandsynlig_plus;regel R1b;196670 (0) | 275756 (0) | 346158 (11)
Line Nielsen;218;14375;sikker;christoffer;14375 (5) | 211759 (0) | 319851 (0) | 346046 (0) | 60284 (0)
Jonathan W. Hansen;226;93216;sikker;christoffer;244750 (0) | 93216 (2)
Thor Pedersen;356;85360;sikker;christoffer;346163 (0) | 85360 (2)
Sebastian Almeida Møller;460;323997;sikker;christoffer;156553 (0) | 172328 (0) | 257822 (0) | 323755 (0) | 323997 (3) | 331929 (0)
Lene Sørensen;461;14764;sikker;christoffer;14764 (4) | 210991 (0) | 6170 (0) | 6926 (0)
Christian Staal;466;158750;sikker;christoffer;156578 (0) | 158750 (1)
Linda Bækgaard;471;16498;sandsynlig_plus;regel R1b;16498 (7)
Jens Møller;488;337313;sikker;christoffer;229018 (0) | 254438 (0) | 299417 (0) | 337313 (3)
Yiting Chen;558;251584;sikker;christoffer;251584 (2) | 306452 (0)
Carsten Nørgaard;584;238703;sandsynlig_plus;regel R1b;196704 (0) | 238703 (1)
Farshid Attarhamed;686;355361;sandsynlig_plus;regel R1b;355361 (1) | 363130 (0)
Martin Nielsen;691;;uafklaret;ingen regel;212589 (0) | 228123 (0) | 292653 (0) | 340168 (0) | 34166 (0) | 347588 (0) | 364776 (0) | 56997 (0) | 81705 (0) | 91951 (0)
Jan Pedersen;740;360676;sandsynlig_plus;regel R1b;178699 (0) | 238078 (0) | 252829 (0) | 309360 (0) | 360676 (1) | 7585 (0)
Chiori Nagatsuka;752;;uafklaret;ingen regel;253538 (0) | 348041 (0)
Morten Nielsen;862;;uafklaret;ingen regel;10824 (0) | 11869 (0) | 206496 (0) | 21524 (0) | 230123 (0) | 236510 (0) | 236858 (0) | 243073 (0) | 248329 (0) | 250064 (0) | 251682 (0) | 269497 (0) | 277855 (0) | 307144 (0) | 320154 (0) | 341447 (0) | 8612 (0)
Rasmus Kristensen;954;;uafklaret;ingen regel;234574 (0) | 269253 (0) | 325700 (0) | 344371 (0) | 366934 (0) | 81858 (0)
Torben Larsen;965;;uafklaret;ingen regel;14168 (0) | 296007 (0) | 355423 (0) | 359827 (0)
Christian Kjær;1019;356457;sandsynlig_plus;regel R1b;235147 (0) | 356457 (2)
Kim Jørgensen;1026;;uafklaret;ingen regel;15157 (0) | 165257 (0) | 178753 (0) | 199504 (0) | 211236 (0) | 211735 (0) | 223409 (0) | 228534 (0) | 276894 (0) | 69384 (0) | 8063 (0)
Gert Poulsen;1084;166793;sandsynlig_plus;regel R1b;166793 (1) | 322281 (0)
Frank Nielsen;1204;;uafklaret;ingen regel;199485 (0) | 213368 (0) | 231123 (0)
Jonathan Nielsen;1952;;uafklaret;ingen regel;338548 (0) | 359276 (0) | 361768 (0) | 89005 (0)
Leif Hansen;2227;;uafklaret;ingen regel;212382 (0) | 241625 (0)
Nicholas Andersen;6848;355150;sandsynlig_plus;regel R1b;212042 (0) | 355150 (3)
Noah larsen;7026;358233;sandsynlig_plus;regel R1b;267703 (0) | 358233 (5) | 362618 (0)
Philip Andersen;7031;357627;sandsynlig_plus;regel R1b;328895 (0) | 335301 (0) | 357627 (7)
