"season","opponent","error","count"
"2010","Charlottenlund 1","Internal server error","1"
"2010","Herlev/Hjorten 2","Internal server error","1"
"2010","Karlslunde 1","Internal server error","1"
"2010","KBK Kbh. 3","Internal server error","1"
"2010","Rødovre 1","Internal server error","1"
"2010","SAIF Kbh. 1","Internal server error","1"
"2010","Skibby 2","Internal server error","1"
"2010","Solrød Strand 4","Internal server error","1"
"2010","Taastrup Elite 1","Internal server error","1"
"2010","Team Roskilde 2","Internal server error","1"
"2010","Vordingborg 1","Internal server error","1"
"2011","Amager ABC","Could not find any players on match","4"
"2011","Amager ABC 2","Could not find any players on match","2"
"2011","Amager ABC 3","Could not find any players on match","1"
"2011","BC KVIK Kbh.","Could not find any players on match","1"
"2011","BC37 Amager","Could not find any players on match","2"
"2011","BC37 Amager 3","Could not find any players on match","1"
"2011","BK36 Kbh.","Could not find any players on match","5"
"2011","BKPOINT Kbh.","Could not find any players on match","2"
"2011","Charlottenlund","Could not find any players on match","4"
"2011","Charlottenlund 2","Could not find any players on match","3"
"2011","Charlottenlund 3","Could not find any players on match","4"
"2011","Dragør","Could not find any players on match","3"
"2011","Dragør 2","Could not find any players on match","3"
"2011","Dragør 3","Could not find any players on match","1"
"2011","Drive","Could not find any players on match","6"
"2011","Drive 2","Could not find any players on match","3"
"2011","Drive 3","Could not find any players on match","1"
"2011","Drive 4","Could not find any players on match","1"
"2011","FKIF Frederiksberg","Could not find any players on match","5"
"2011","FKIF Frederiksberg 2","Could not find any players on match","2"
"2011","FKIF Frederiksberg 3","Could not find any players on match","2"
"2011","FKIF Frederiksberg 4","Could not find any players on match","1"
"2011","Frederiksberg","Could not find any players on match","5"
"2011","Frederiksberg 2","Could not find any players on match","2"
"2011","Frederiksberg 3","Could not find any players on match","1"
"2011","Frederiksberg 4","Could not find any players on match","1"
"2011","Gentofte","Could not find any players on match","2"
"2011","Gentofte 3","Could not find any players on match","1"
"2011","Gentofte 4","Could not find any players on match","1"
"2011","Gentofte 5","Could not find any players on match","1"
"2011","Hvidovre","Could not find any players on match","2"
"2011","Hvidovre 2","Could not find any players on match","1"
"2011","Hvidovre HB2000","Could not find any players on match","5"
"2011","Hvidovre HB2000 2","Could not find any players on match","4"
"2011","Hvidovre HB2000 3","Could not find any players on match","1"
"2011","Hvidovre HB2000 4","Could not find any players on match","1"
"2011","Kalundborg","Internal server error","1"
"2011","KBK Kbh.","Could not find any players on match","1"
"2011","KBK Kbh. 2","Could not find any players on match","4"
"2011","KBK Kbh. 3","Could not find any players on match","4"
"2011","KBK Kbh. 4","Could not find any players on match","2"
"2011","KBK Kbh. 5","Could not find any players on match","1"
"2011","KFUM Badminton Kbh.","Could not find any players on match","3"
"2011","KFUM Badminton Kbh. 2","Could not find any players on match","2"
"2011","KMB2010","Could not find any players on match","2"
"2011","KMB2010 2","Could not find any players on match","2"
"2011","KMB2010 3","Could not find any players on match","1"
"2011","KSI Badmintonklub Kbh. 2","Could not find any players on match","1"
"2011","Lyngby","Could not find any players on match","2"
"2011","Lyngby 2","Could not find any players on match","3"
"2011","Lyngby 3","Could not find any players on match","2"
"2011","Lyngby 4","Could not find any players on match","1"
"2011","Lyngby 5","Could not find any players on match","1"
"2011","NBK Amager","Could not find any players on match","5"
"2011","ØBK/BK Kbh.","Could not find any players on match","1"
"2011","Pan Kbh. 2","Could not find any players on match","1"
"2011","Posten Kbh.","Could not find any players on match","2"
"2011","Rødovre","Could not find any players on match","2"
"2011","Rødovre 2","Could not find any players on match","2"
"2011","Rødovre 3","Could not find any players on match","1"
"2011","Skovshoved","Could not find any players on match","1"
"2011","Skovshoved 2","Could not find any players on match","3"
"2011","Skovshoved 3","Could not find any players on match","1"
"2011","SMASH","Could not find any players on match","1"
"2011","SMASH 2","Could not find any players on match","1"
"2011","Sporvejenes IF","Could not find any players on match","1"
"2011","Sundby KFUM","Could not find any players on match","4"
"2011","Sundby KFUM 2","Could not find any players on match","1"
"2011","Tingbjerg","Could not find any players on match","2"
"2011","Tono Kbh.","Could not find any players on match","1"
"2011","Valby BC","Could not find any players on match","5"
"2011","Valby BC 2","Could not find any players on match","1"
"2011","Vanløse","Could not find any players on match","1"
"2011","Vanløse 2","Could not find any players on match","2"
"2011","Vanløse 3","Could not find any players on match","2"
"2012","Amager ABC","Could not find any players on match","1"
"2012","Amager ABC","Internal server error","1"
"2012","BC37 Amager","Could not find any players on match","1"
"2012","BC37 Amager","Internal server error","2"
"2012","Charlottenlund 2","Could not find any players on match","1"
"2012","Charlottenlund 2","Internal server error","2"
"2012","Charlottenlund 3","Internal server error","1"
"2012","Dragør","Internal server error","1"
"2012","Drive","Internal server error","3"
"2012","Drive 2","Internal server error","1"
"2012","FKIF Frederiksberg","Could not find any players on match","1"
"2012","FKIF Frederiksberg","Internal server error","2"
"2012","FKIF Frederiksberg 2","Internal server error","1"
"2012","Frederiksberg","Could not find any players on match","1"
"2012","Frederiksberg","Internal server error","2"
"2012","Frederiksberg 2","Internal server error","1"
"2012","Frederiksberg 3","Internal server error","1"
"2012","Hvidovre","Internal server error","2"
"2012","Hvidovre 5","Could not find any players on match","1"
"2012","Hvidovre HB2000","Internal server error","2"
"2012","Hvidovre HB2000 2","Could not find any players on match","1"
"2012","KBK Kbh. 2","Internal server error","1"
"2012","KBK Kbh. 3","Internal server error","3"
"2012","KBK Kbh. 4","Internal server error","1"
"2012","KFUM Badminton Kbh.","Could not find any players on match","1"
"2012","KFUM Badminton Kbh.","Internal server error","1"
"2012","KFUM Badminton Kbh. 2","Internal server error","1"
"2012","Lyngby","Internal server error","1"
"2012","Lyngby 2","Internal server error","2"
"2012","NBK Amager","Internal server error","2"
"2012","Sct. Jørgen Kbh.","Internal server error","1"
"2012","SMASH","Internal server error","1"
"2012","Sundby KFUM","Internal server error","1"
"2012","Tono Kbh.","Internal server error","1"
"2012","Valby BC","Could not find any players on match","1"
"2012","Valby BC","Internal server error","2"
"2012","Valby BC 2","Could not find any players on match","1"
"2012","Vanløse","Could not find any players on match","1"
"2012","Vanløse","Internal server error","1"
"2013","Amager ABC","Internal server error","2"
"2013","BC37 Amager","Internal server error","1"
"2013","Charlottenlund","Internal server error","2"
"2013","Charlottenlund 2","Internal server error","2"
"2013","Charlottenlund 3","Internal server error","1"
"2013","Dragør","Internal server error","1"
"2013","Drive","Internal server error","4"
"2013","FKIF Frederiksberg","Internal server error","2"
"2013","FKIF Frederiksberg 2","Internal server error","1"
"2013","Frederiksberg","Internal server error","3"
"2013","Frederiksberg 3","Could not find any players on match","1"
"2013","Hvidovre","Internal server error","2"
"2013","Hvidovre 2","Internal server error","1"
"2013","Hvidovre HB2000 4","Internal server error","1"
"2013","KBK Kbh.","Internal server error","1"
"2013","KBK Kbh. 2","Internal server error","3"
"2013","KFUM Badminton Kbh.","Could not find any players on match","1"
"2013","KMB2010","Internal server error","1"
"2013","KMB2010 2","Internal server error","1"
"2013","Lyngby","Internal server error","1"
"2013","Lyngby 3","Internal server error","1"
"2013","Sct. Jørgen Kbh.","Internal server error","1"
"2013","Skovshoved 2","Internal server error","2"
"2013","SMASH","Internal server error","2"
"2013","Sundby KFUM","Internal server error","1"
"2013","Tono Kbh.","Internal server error","2"
"2013","Valby BC","Internal server error","1"
"2013","Valby BC 2","Could not find any players on match","1"
"2014","Amager ABC","Could not find any players on match","1"
"2014","BC37 Amager","Could not find any players on match","1"
"2014","BC37 Amager","Internal server error","1"
"2014","BK36 Kbh.","Internal server error","1"
"2014","Charlottenlund","Could not find any players on match","1"
"2014","Charlottenlund","Internal server error","1"
"2014","Charlottenlund 2","Could not find any players on match","1"
"2014","Charlottenlund 2","Internal server error","1"
"2014","Charlottenlund 3","Could not find any players on match","1"
"2014","Charlottenlund 3","Internal server error","1"
"2014","Dragør","Could not find any players on match","1"
"2014","Dragør","Internal server error","1"
"2014","Dragør 2","Internal server error","2"
"2014","Drive","Could not find any players on match","1"
"2014","Drive","Internal server error","1"
"2014","FKIF Frederiksberg","Could not find any players on match","1"
"2014","FKIF Frederiksberg","Internal server error","1"
"2014","FKIF Frederiksberg 2","Could not find any players on match","2"
"2014","FKIF Frederiksberg 2","Internal server error","2"
"2014","Frederiksberg","Internal server error","1"
"2014","Hvidovre","Internal server error","1"
"2014","Hvidovre HB2000","Internal server error","1"
"2014","KBK Kbh. 2","Could not find any players on match","1"
"2014","KBK Kbh. 2","Internal server error","1"
"2014","KBK Kbh. 3","Internal server error","1"
"2014","KFUM Badminton Kbh.","Could not find any players on match","2"
"2014","KFUM Badminton Kbh.","Internal server error","1"
"2014","KFUM Badminton Kbh. 2","Could not find any players on match","1"
"2014","KMB2010 2","Internal server error","1"
"2014","Lyngby 2","Could not find any players on match","1"
"2014","Lyngby 2","Internal server error","2"
"2014","Lyngby 5","Could not find any players on match","1"
"2014","NBK Amager","Internal server error","1"
"2014","Rødovre","Could not find any players on match","1"
"2014","Rødovre","Internal server error","1"
"2014","Skovshoved 2","Internal server error","1"
"2014","Skovshoved 3","Internal server error","1"
"2014","Sundby KFUM","Could not find any players on match","2"
"2014","Tono Kbh.","Could not find any players on match","1"
"2014","Tono Kbh.","Internal server error","3"
"2014","Valby BC","Could not find any players on match","1"
"2014","Valby BC 3","Internal server error","1"
"2014","Vanløse","Internal server error","3"
"2015","Amager ABC","Could not find any players on match","1"
"2015","Amager ABC","Internal server error","2"
"2015","Amager ABC 3","Internal server error","1"
"2015","BC KVIK Kbh. 2","Could not find any players on match","1"
"2015","BC37 Amager","Could not find any players on match","2"
"2015","BC37 Amager","Internal server error","1"
"2015","CBS Sport Badminton","Could not find any players on match","1"
"2015","Charlottenlund","Could not find any players on match","1"
"2015","Charlottenlund","Internal server error","1"
"2015","Charlottenlund 2","Internal server error","1"
"2015","Dragør","Could not find any players on match","1"
"2015","Dragør 2","Could not find any players on match","1"
"2015","Dragør 2","Internal server error","1"
"2015","Drive","Could not find any players on match","1"
"2015","Drive 2","Internal server error","1"
"2015","FKIF Frederiksberg","Could not find any players on match","1"
"2015","FKIF Frederiksberg 2","Internal server error","2"
"2015","Frederiksberg","Could not find any players on match","1"
"2015","Frederiksberg 5","Could not find any players on match","1"
"2015","Frederiksberg 6","Could not find any players on match","1"
"2015","Gentofte","Could not find any players on match","1"
"2015","Gentofte","Internal server error","1"
"2015","Hvidovre 2","Internal server error","1"
"2015","Hvidovre 3","Internal server error","1"
"2015","Hvidovre HB2000","Could not find any players on match","1"
"2015","Hvidovre HB2000","Internal server error","1"
"2015","Islands Brygge","Internal server error","2"
"2015","KBK Kbh. 3","Internal server error","1"
"2015","KFUM Badminton Kbh.","Internal server error","1"
"2015","KMB2010","Internal server error","1"
"2015","KMB2010 2","Internal server error","1"
"2015","Lyngby 2","Could not find any players on match","2"
"2015","Rødovre/KFUM KBH 2","Could not find any players on match","1"
"2015","Skovshoved 2","Could not find any players on match","1"
"2015","Skovshoved 3","Internal server error","1"
"2015","Tono Kbh. 2","Internal server error","1"
"2015","Valby BC","Could not find any players on match","1"
"2015","Valby BC","Internal server error","1"
"2015","Valby BC 3","Internal server error","1"
"2015","Vanløse","Could not find any players on match","2"
"2015","Vanløse","Internal server error","1"
"2015","Vanløse 2","Could not find any players on match","1"
"2016","Amager ABC 2","Internal server error","2"
"2016","Amager ABC 3","Internal server error","1"
"2016","BC37 Amager 4","Could not find any players on match","1"
"2016","BKPOINT Kbh.","Could not find any players on match","1"
"2016","CBS Sport Badminton","Could not find any players on match","1"
"2016","Charlottenlund","Internal server error","1"
"2016","Charlottenlund 2","Internal server error","2"
"2016","Charlottenlund 5","Could not find any players on match","1"
"2016","Dalum Hjallese BK 1","Internal server error","1"
"2016","Dragør","Internal server error","1"
"2016","Dragør 2","Internal server error","1"
"2016","Dragør 3","Could not find any players on match","1"
"2016","Drive 1","Internal server error","1"
"2016","Drive 3","Internal server error","1"
"2016","Dybbøl 1","Internal server error","1"
"2016","Frederiksberg","Could not find any players on match","1"
"2016","Gentofte","Could not find any players on match","1"
"2016","Hadsund 1","Internal server error","1"
"2016","Højbjerg 2","Internal server error","1"
"2016","Hvidovre 2","Could not find any players on match","1"
"2016","Hvidovre HB2000","Internal server error","1"
"2016","Islands Brygge","Internal server error","1"
"2016","KBK Kbh.","Could not find any players on match","2"
"2016","KBK Kbh. 4","Internal server error","1"
"2016","KBK Kbh. 6","Could not find any players on match","1"
"2016","KFUM Badminton Kbh.","Internal server error","1"
"2016","KMB2010","Internal server error","1"
"2016","Køge 1","Internal server error","1"
"2016","KSI Badmintonklub Kbh. 4","Could not find any players on match","1"
"2016","Middelfart 1","Internal server error","1"
"2016","NBK Amager","Could not find any players on match","1"
"2016","NBK Amager","Internal server error","1"
"2016","Ørslevkloster 1","Internal server error","1"
"2016","Rødovre","Internal server error","1"
"2016","Rødovre 2","Could not find any players on match","1"
"2016","Rødovre/KFUM KBH 2","Could not find any players on match","1"
"2016","SAIF Kbh. 10","Could not find any players on match","1"
"2016","SAIF Kbh. 11","Could not find any players on match","1"
"2016","Skovshoved 4","Internal server error","1"
"2016","Solrød Strand 2","Internal server error","1"
"2016","Team 7000 Fredericia 1","Internal server error","1"
"2016","Tingbjerg 2","Could not find any players on match","1"
"2016","Tono Kbh.","Internal server error","1"
"2016","Valby BC","Internal server error","1"
"2016","Valby BC 2","Internal server error","2"
"2016","Valby BC 3","Internal server error","1"
"2016","Vanløse","Internal server error","1"
"2016","Vanløse 5","Could not find any players on match","1"
"2016","Viborg 2","Internal server error","1"
"2016","Vorup FB 1","Internal server error","1"
"2017","Amager ABC","Could not find any players on match","1"
"2017","Amager ABC","Internal server error","1"
"2017","Badminton Roskilde 1","Internal server error","1"
"2017","Charlottenlund","Internal server error","2"
"2017","Charlottenlund 1","Internal server error","1"
"2017","Charlottenlund 2","Could not find any players on match","1"
"2017","Charlottenlund 3","Internal server error","1"
"2017","Dragør 2","Internal server error","1"
"2017","Drive 2","Internal server error","2"
"2017","Drive 3","Could not find any players on match","1"
"2017","FKIF Frederiksberg","Internal server error","2"
"2017","Frederiksberg","Internal server error","1"
"2017","Gentofte","Internal server error","1"
"2017","Greve 1","Internal server error","1"
"2017","Greve 2","Internal server error","1"
"2017","Herlev/Hjorten 1","Internal server error","1"
"2017","Hillerød 4","Internal server error","1"
"2017","Holstebro 1","Internal server error","1"
"2017","Holte 1","Internal server error","1"
"2017","Hvidovre 2","Could not find any players on match","1"
"2017","Hvidovre HB2000","Could not find any players on match","1"
"2017","Hvidovre HB2000","Internal server error","1"
"2017","Islands Brygge","Internal server error","2"
"2017","KBK Kbh. 4","Internal server error","1"
"2017","Lillerød 2","Internal server error","1"
"2017","Lyngby 2","Internal server error","1"
"2017","NBK Amager","Internal server error","1"
"2017","Odense OBK 2","Internal server error","1"
"2017","Skovshoved 4","Internal server error","1"
"2017","Slagelse/Gørlev Badminton 1","Internal server error","1"
"2017","Solrød Strand 2","Internal server error","1"
"2017","Team Storstrøm 1","Internal server error","1"
"2017","Tono Kbh.","Internal server error","1"
"2017","Valby BC","Internal server error","2"
"2017","Valby BC 2","Could not find any players on match","1"
"2017","Valby BC 2","Internal server error","1"
"2017","Vanløse","Internal server error","1"
"2017","Vanløse 2","Internal server error","2"
"2017","Viby J 3","Internal server error","1"
"2018","Charlottenlund 1","Internal server error","5"
"2018","Dragør 1","Internal server error","2"
"2018","Drive 1","Could not find any players on match","1"
"2018","Drive 1","Internal server error","1"
"2018","FKIF Frederiksberg 2","Could not find any players on match","1"
"2018","FKIF Frederiksberg 2","Internal server error","2"
"2018","Gentofte 1","Internal server error","2"
"2018","Herlev/Hjorten 1","Internal server error","1"
"2018","Herlufsholm 1","Internal server error","1"
"2018","Holbæk 1","Internal server error","1"
"2018","Hvidovre 1","Internal server error","2"
"2018","Islands Brygge 2","Internal server error","1"
"2018","KBK Kbh. 1","Internal server error","1"
"2018","KBK Kbh. 3","Internal server error","2"
"2018","KMB2010 1","Internal server error","2"
"2018","Lillerød 1","Internal server error","1"
"2018","Lyngby 3","Internal server error","2"
"2018","Lyngby 4","Internal server error","1"
"2018","Skælskør 1","Internal server error","1"
"2018","Skovshoved 3","Internal server error","4"
"2018","Skovshoved 6","Could not find any players on match","1"
"2018","Team Storstrøm 1","Internal server error","1"
"2018","Valby BC 1","Internal server error","2"
"2018","Valby BC 3","Internal server error","1"
"2019","Allinge-S.G. Badminton 1","Internal server error","1"
"2019","BC KVIK Kbh. 1","Could not find any players on match","1"
"2019","BK36 Kbh. 1","Could not find any players on match","1"
"2019","Charlottenlund 2","Internal server error","1"
"2019","Dragør 2","Internal server error","1"
"2019","Drive 1","Internal server error","1"
"2019","FKIF Frederiksberg 1","Internal server error","1"
"2019","FKIF Frederiksberg 3","Could not find any players on match","1"
"2019","Frederiksberg 1","Could not find any players on match","1"
"2019","Frederiksberg 1","Internal server error","1"
"2019","Gentofte 3","Could not find any players on match","1"
"2019","Gentofte Motionist BK 1","Internal server error","2"
"2019","Hvidovre 1","Could not find any players on match","1"
"2019","Hvidovre 1","Internal server error","1"
"2019","Hvidovre 3","Internal server error","2"
"2019","Hvidovre 4","Internal server error","1"
"2019","Hvidovre HB2000 1","Could not find any players on match","1"
"2019","Islands Brygge 1","Internal server error","3"
"2019","KBK Kbh. 1","Internal server error","3"
"2019","KBK Kbh. 2","Could not find any players on match","1"
"2019","KMB2010 1","Could not find any players on match","1"
"2019","KMB2010 1","Internal server error","1"
"2019","KMB2010 2","Could not find any players on match","1"
"2019","KMB2010 2","Internal server error","1"
"2019","KSI Badmintonklub Kbh. 1","Could not find any players on match","1"
"2019","KSI Badmintonklub Kbh. 3","Could not find any players on match","1"
"2019","Lyngby 2","Could not find any players on match","1"
"2019","Posten Kbh. 2","Could not find any players on match","1"
"2019","Rødovre 1","Internal server error","1"
"2019","SAIF Kbh. 8","Could not find any players on match","1"
"2019","Tingbjerg 1","Could not find any players on match","1"
"2019","Tingbjerg 2","Could not find any players on match","1"
"2019","Valby BC 1","Could not find any players on match","1"
"2019","Valby BC 2","Internal server error","1"
"2019","Valby BC 3","Internal server error","1"
"2019","Vanløse 1","Internal server error","1"
"2019","Vordingborg","Could not find any players on match","1"
"2020","Could not find any players on match",,"3"
"2020","Badminton i indre By 1","Could not find any players on match","1"
"2020","BC37 Amager 1","Could not find any players on match","3"
"2020","BC37 Amager 2","Internal server error","1"
"2020","BC37 Amager 4","Could not find any players on match","1"
"2020","BC37 Amager 6","Could not find any players on match","1"
"2020","BK36 Kbh. 1","Could not find any players on match","1"
"2020","BK36 Kbh. 3","Internal server error","1"
"2020","CBS Sport Badminton 1","Could not find any players on match","1"
"2020","Charlottenlund 1","Could not find any players on match","1"
"2020","Charlottenlund 1","Internal server error","1"
"2020","Charlottenlund 2","Could not find any players on match","2"
"2020","Charlottenlund 3","Could not find any players on match","1"
"2020","Dragør 1","Could not find any players on match","1"
"2020","Dragør 1","Internal server error","2"
"2020","Dragør 2","Internal server error","1"
"2020","Dragør 3","Internal server error","2"
"2020","Drive 1","Could not find any players on match","2"
"2020","Drive 2","Could not find any players on match","4"
"2020","Drive 3","Could not find any players on match","1"
"2020","FKIF Frederiksberg 1","Could not find any players on match","2"
"2020","FKIF Frederiksberg 1","Internal server error","1"
"2020","FKIF Frederiksberg 2","Could not find any players on match","1"
"2020","FKIF Frederiksberg 2","Internal server error","1"
"2020","FKIF Frederiksberg 3","Could not find any players on match","1"
"2020","FKIF Frederiksberg 4","Could not find any players on match","1"
"2020","FKIF/VBC 1","Could not find any players on match","1"
"2020","Frederiksberg 1","Could not find any players on match","2"
"2020","Frederiksberg 1","Internal server error","1"
"2020","Frederiksberg 2","Could not find any players on match","2"
"2020","Frederiksberg 4","Could not find any players on match","1"
"2020","Gentofte 1","Could not find any players on match","1"
"2020","Gentofte 1","Internal server error","1"
"2020","Gentofte 2","Could not find any players on match","1"
"2020","Gentofte 3","Could not find any players on match","3"
"2020","Gentofte 3","Internal server error","1"
"2020","Gentofte 4","Could not find any players on match","1"
"2020","Gentofte 4","Internal server error","1"
"2020","Gladsaxe Søborg 1","Internal server error","1"
"2020","Holte 3","Could not find any players on match","1"
"2020","Humlebæk","Could not find any players on match","1"
"2020","Hvidovre 1","Could not find any players on match","4"
"2020","Hvidovre 2","Could not find any players on match","2"
"2020","Hvidovre 3","Internal server error","1"
"2020","Hvidovre HB2000","Could not find any players on match","1"
"2020","Hvidovre HB2000 1","Could not find any players on match","2"
"2020","Hvidovre HB2000 1","Internal server error","1"
"2020","Hvidovre HB2000 2","Internal server error","1"
"2020","Hvidovre HB2000 3","Internal server error","1"
"2020","Islands Brygge 1","Internal server error","2"
"2020","Islands Brygge 2","Internal server error","1"
"2020","KBK Kbh. 1","Could not find any players on match","1"
"2020","KBK Kbh. 1","Internal server error","2"
"2020","KBK Kbh. 2","Could not find any players on match","1"
"2020","KBK Kbh. 2","Internal server error","1"
"2020","KBK Kbh. 3","Could not find any players on match","1"
"2020","KBK Kbh. 5","Could not find any players on match","1"
"2020","KFUM Badminton Kbh. 1","Internal server error","1"
"2020","KMB2010 2","Could not find any players on match","2"
"2020","KMB2010 2","Internal server error","1"
"2020","KMB2010 3","Could not find any players on match","1"
"2020","Lyngby 1","Could not find any players on match","1"
"2020","Lyngby 1","Internal server error","1"
"2020","Lyngby 2","Could not find any players on match","3"
"2020","Lyngby 3","Could not find any players on match","2"
"2020","Lyngby 3","Internal server error","1"
"2020","Lyngby 4","Could not find any players on match","3"
"2020","NBK Amager 1","Could not find any players on match","1"
"2020","ØBK/BK Kbh. 1","Internal server error","1"
"2020","PI København 1","Internal server error","1"
"2020","Posten Kbh. 1","Could not find any players on match","1"
"2020","Rødovre 1","Could not find any players on match","2"
"2020","Rødovre 1","Internal server error","1"
"2020","Rødovre/KFUM KBH 1","Could not find any players on match","2"
"2020","Rødovre/KFUM KBH 2","Could not find any players on match","1"
"2020","Ryparken 2","Internal server error","1"
"2020","SAIF Kbh. 2","Could not find any players on match","1"
"2020","SAIF Kbh. 2","Internal server error","1"
"2020","SAIF Kbh. 3","Internal server error","1"
"2020","Sct. Jørgen Kbh. 1","Could not find any players on match","1"
"2020","Skovshoved 1","Internal server error","3"
"2020","Skovshoved 2","Internal server error","1"
"2020","Skovshoved 3","Internal server error","1"
"2020","Skovshoved 5","Internal server error","1"
"2020","Søvang 1","Could not find any players on match","1"
"2020","Team GSG","Could not find any players on match","1"
"2020","Tingbjerg 1","Could not find any players on match","3"
"2020","Tingbjerg 2","Could not find any players on match","1"
"2020","Valby BC 1","Could not find any players on match","1"
"2020","Valby BC 1","Internal server error","1"
"2020","Valby BC 2","Internal server error","1"
"2020","Vanløse 1","Could not find any players on match","2"
"2020","Vanløse 2","Internal server error","2"
"2020","Vanløse 3","Could not find any players on match","1"
"2021","Badminton Esbjerg 1","Internal server error","2"
"2021","BC37 Amager 1","Internal server error","2"
"2021","BC37 Amager 2","Internal server error","2"
"2021","BC37 Amager 3","Internal server error","1"
"2021","BC37 Amager 4","Internal server error","1"
"2021","BK36 Kbh. 1","Internal server error","1"
"2021","Charlottenlund 1","Internal server error","1"
"2021","Charlottenlund 2","Internal server error","2"
"2021","Dragør 1","Internal server error","3"
"2021","Dragør 2","Internal server error","3"
"2021","Drive 1","Internal server error","1"
"2021","Drive 2","Internal server error","1"
"2021","FKIF Frederiksberg 1","Internal server error","3"
"2021","FKIF Frederiksberg 2","Internal server error","2"
"2021","FKIF/VBC 1","Internal server error","1"
"2021","Frederiksberg 1","Internal server error","2"
"2021","Frederiksberg 2","Internal server error","3"
"2021","Gentofte 1","Internal server error","1"
"2021","Gentofte 3","Could not find any players on match","1"
"2021","Gentofte 4","Internal server error","1"
"2021","Hillerød 2","Internal server error","1"
"2021","Hjørring 1","Internal server error","1"
"2021","Hvidovre 1","Internal server error","4"
"2021","Hvidovre 2","Internal server error","1"
"2021","Hvidovre 3","Internal server error","3"
"2021","Hvidovre 4","Internal server error","1"
"2021","Hvidovre HB2000 1","Internal server error","2"
"2021","Hvidovre HB2000 3","Internal server error","1"
"2021","Islands Brygge 1","Internal server error","2"
"2021","Islands Brygge 2","Internal server error","1"
"2021","Jernløse 1","Internal server error","2"
"2021","KBK Kbh. 1","Internal server error","4"
"2021","KBK Kbh. 2","Internal server error","1"
"2021","KBK Kbh. 3","Internal server error","2"
"2021","KFUM Badminton Kbh. 1","Internal server error","1"
"2021","KMB2010 2","Internal server error","1"
"2021","KMB2010 3","Internal server error","1"
"2021","KMB2010 4","Could not find any players on match","1"
"2021","Lejre 1","Internal server error","1"
"2021","Lyngby 1","Internal server error","1"
"2021","Lyngby 2","Internal server error","1"
"2021","Lyngby 3","Internal server error","1"
"2021","Lyngby 4","Could not find any players on match","1"
"2021","Lyngby 5","Internal server error","1"
"2021","Næstved/Herlufsholm 1","Internal server error","1"
"2021","NBK Amager 1","Internal server error","1"
"2021","NBK Amager 2","Internal server error","2"
"2021","Nordbyens Badmintonklub","Internal server error","1"
"2021","Nykøbing F 1","Internal server error","1"
"2021","PI København 1","Could not find any players on match","1"
"2021","Ringsted 1","Internal server error","1"
"2021","Rødovre 1","Internal server error","3"
"2021","Ryparken 2","Internal server error","1"
"2021","SAIF Kbh. 2","Internal server error","1"
"2021","Skælskør 1","Internal server error","1"
"2021","Skovshoved 2","Internal server error","1"
"2021","Skovshoved 3","Internal server error","2"
"2021","Skovshoved 4","Internal server error","1"
"2021","Skovshoved 6","Internal server error","1"
"2021","Solrød Strand 1","Internal server error","1"
"2021","Valby BC 2","Internal server error","2"
"2021","Valby BC 3","Internal server error","1"
"2021","Vanløse 1","Internal server error","1"
"2021","Vanløse 2","Internal server error","2"
"2021","Vanløse 3","Internal server error","2"
"2021","Vejle 2","Internal server error","1"
"2021","Viby J 1","Internal server error","1"
"2022","Aarhus AB 1","Internal server error","1"
"2022","abc Aalborg 1","Internal server error","1"
"2022","Badminton i indre By 1","Internal server error","1"
"2022","BC37 Amager 2","Internal server error","4"
"2022","BC37 Amager 3","Internal server error","2"
"2022","BC37 Amager 4","Internal server error","1"
"2022","BK36 Kbh. 1","Internal server error","2"
"2022","BK36 Kbh. 2","Internal server error","1"
"2022","BK36 Kbh. 3","Internal server error","1"
"2022","Børkop 1","Internal server error","1"
"2022","Charlottenlund 2","Internal server error","3"
"2022","Dalum Hjallese BK 3","Internal server error","1"
"2022","Dragør","Internal server error","1"
"2022","Dragør 1","Internal server error","3"
"2022","Drive 1","Internal server error","4"
"2022","Drive 2","Internal server error","2"
"2022","FKIF Frederiksberg 1","Internal server error","2"
"2022","FKIF Frederiksberg 2","Internal server error","1"
"2022","FKIF Frederiksberg 3","Internal server error","1"
"2022","Frederiksberg 1","Internal server error","2"
"2022","Frederiksberg 2","Internal server error","1"
"2022","Gentofte 2","Internal server error","2"
"2022","Gentofte 3","Internal server error","1"
"2022","Gentofte 4","Internal server error","1"
"2022","Gentofte 5","Internal server error","2"
"2022","Gudum Nissum IF 1","Internal server error","1"
"2022","Hjørring 2","Internal server error","1"
"2022","Horsens 1","Internal server error","3"
"2022","Hørsholm 1","Internal server error","1"
"2022","Humlebæk 1","Internal server error","2"
"2022","Hvidovre 1","Internal server error","2"
"2022","Hvidovre 2","Internal server error","2"
"2022","Hvidovre 3","Internal server error","2"
"2022","Islands Brygge 1","Internal server error","3"
"2022","Islands Brygge 2","Internal server error","2"
"2022","Islands Brygge 3","Internal server error","2"
"2022","Jernløse 3","Internal server error","1"
"2022","Jernløse/Sorø 1","Internal server error","1"
"2022","KBK Kbh. 1","Internal server error","6"
"2022","KBK Kbh. 2","Internal server error","1"
"2022","KBK Kbh. 3","Internal server error","2"
"2022","KBK Kbh. 4","Internal server error","1"
"2022","KMB2010 1","Internal server error","2"
"2022","KMB2010 2","Internal server error","1"
"2022","KMB2010 3","Internal server error","1"
"2022","KMB2010 4","Internal server error","1"
"2022","Korup 1","Internal server error","1"
"2022","Lillerød 1","Internal server error","1"
"2022","Lyngby 1","Internal server error","2"
"2022","Lyngby 2","Internal server error","1"
"2022","Lyngby 3","Internal server error","5"
"2022","Lystrup 1","Internal server error","1"
"2022","NBK Amager 1","Internal server error","2"
"2022","NBK Amager 2","Internal server error","2"
"2022","NBK Amager 3","Internal server error","2"
"2022","Nykøbing F 1","Internal server error","1"
"2022","Posten Kbh. 1","Internal server error","1"
"2022","Rødovre 1","Internal server error","4"
"2022","SAIF Kbh. 1","Internal server error","1"
"2022","Skovshoved 1","Internal server error","1"
"2022","Skovshoved 2","Internal server error","2"
"2022","Skovshoved 3","Internal server error","2"
"2022","Skovshoved 5","Could not find any players on match","1"
"2022","Skovshoved 5","Internal server error","2"
"2022","Skovshoved 8","Internal server error","2"
"2022","Skovshoved 9","Internal server error","2"
"2022","Slangerup 1","Internal server error","1"
"2022","Valby BC 1","Internal server error","2"
"2022","Valby BC 2","Internal server error","3"
"2022","Vanløse 1","Internal server error","4"
"2022","Vanløse 2","Internal server error","2"
"2022","Vanløse 3","Internal server error","2"
"2022","Vejlby Risskov 1","Internal server error","1"
"2022","Viborg 2","Internal server error","1"
"2023","Badminton i indre By 1","Internal server error","1"
"2023","BC37 Amager 1","Internal server error","3"
"2023","BC37 Amager 2","Internal server error","2"
"2023","BC37 Amager 3","Internal server error","2"
"2023","BC37 Amager 4","Internal server error","3"
"2023","BK36 Kbh. 1","Could not find any players on match","1"
"2023","BK36 Kbh. 1","Internal server error","1"
"2023","BKPOINT Kbh. 1","Internal server error","1"
"2023","Dragør 1","Internal server error","2"
"2023","Drive 1","Internal server error","2"
"2023","Drive 2","Internal server error","4"
"2023","Drive 3","Internal server error","2"
"2023","FKIF Frederiksberg 1","Internal server error","4"
"2023","FKIF Frederiksberg 2","Internal server error","1"
"2023","FKIF Frederiksberg 4","Internal server error","2"
"2023","Frederiksberg 1","Internal server error","3"
"2023","Frederiksberg 2","Internal server error","6"
"2023","Frederiksberg 3","Internal server error","1"
"2023","Frederikssund 1","Internal server error","1"
"2023","Gentofte 1","Internal server error","3"
"2023","Gentofte 2","Internal server error","2"
"2023","Gentofte 7","Internal server error","1"
"2023","Gentofte 8","Could not find any players on match","1"
"2023","Gladsaxe Søborg 1","Internal server error","1"
"2023","Glostrup 1","Internal server error","2"
"2023","Gørlev 1","Internal server error","1"
"2023","Hammel 1","Internal server error","1"
"2023","Horsens 1","Internal server error","1"
"2023","Hvidovre 1","Internal server error","1"
"2023","Hvidovre 2","Internal server error","1"
"2023","Hvidovre 4","Internal server error","3"
"2023","Hvidovre HB2000 3","Internal server error","1"
"2023","Islands Brygge 1","Internal server error","3"
"2023","Islands Brygge 3","Internal server error","1"
"2023","KBK Kbh. 1","Internal server error","4"
"2023","KBK Kbh. 4","Internal server error","3"
"2023","KMB2010 2","Internal server error","2"
"2023","KMB2010 4","Internal server error","4"
"2023","Lyngby 1","Internal server error","1"
"2023","Lyngby 2","Internal server error","1"
"2023","Lyngby 3","Internal server error","2"
"2023","Lyngby 4","Could not find any players on match","1"
"2023","Lyngby 4","Internal server error","3"
"2023","Lystrup/TMIF 1","Internal server error","1"
"2023","NBK Amager 1","Internal server error","3"
"2023","NBK Amager 2","Internal server error","3"
"2023","Pan Kbh. 1","Internal server error","1"
"2023","Randers BK 1","Internal server error","1"
"2023","Rødovre 1","Internal server error","2"
"2023","Rødovre 2","Internal server error","1"
"2023","Skovshoved 2","Internal server error","2"
"2023","Skovshoved 3","Internal server error","2"
"2023","Skovshoved 4","Internal server error","1"
"2023","Skovshoved 5","Internal server error","1"
"2023","Skovshoved 6","Internal server error","1"
"2023","Solbjerg 2","Internal server error","1"
"2023","Solrød Strand 3","Internal server error","2"
"2023","Stubbekøbing 1","Internal server error","1"
"2023","Team Træf 1","Internal server error","1"
"2023","Valby BC 1","Internal server error","4"
"2023","Vallensbæk 1","Internal server error","2"
"2023","Vanløse 1","Internal server error","2"
"2023","Vanløse 2","Internal server error","4"
"2023","Vanløse 3","Internal server error","3"
"2023","Vanløse 4","Internal server error","1"
"2023","Viby J 3","Internal server error","1"
"2024","Internal server error",,"1"
"2024","Aalborg Triton 1","Internal server error","1"
"2024","Aarhus AB 2","Internal server error","1"
"2024","Badminton Esbjerg 1","Internal server error","2"
"2024","Badminton i indre By 1","Could not find any players on match","1"
"2024","Badminton i indre By 1","Internal server error","1"
"2024","Badminton Roskilde 1","Internal server error","1"
"2024","Badminton Roskilde 4","Internal server error","1"
"2024","BC37 Amager 1","Internal server error","3"
"2024","BC37 Amager 2","Internal server error","2"
"2024","BC37 Amager 3","Internal server error","3"
"2024","BC37 Amager 4","Internal server error","1"
"2024","BK36 Kbh. 1","Internal server error","1"
"2024","Charlottenlund 1","Internal server error","4"
"2024","Charlottenlund 2","Internal server error","2"
"2024","Charlottenlund 3","Internal server error","1"
"2024","Dragør 1","Internal server error","1"
"2024","Dragør 2","Internal server error","1"
"2024","Drive 1","Internal server error","2"
"2024","Drive 2","Internal server error","1"
"2024","Drive 3","Internal server error","2"
"2024","Drive 4","Internal server error","3"
"2024","Drive 5","Internal server error","1"
"2024","Dybbøl 1","Internal server error","1"
"2024","Dybbøl 2","Internal server error","1"
"2024","FKIF Frederiksberg 1","Internal server error","1"
"2024","FKIF Frederiksberg 2","Internal server error","1"
"2024","FKIF Frederiksberg 3","Internal server error","1"
"2024","Frederiksberg","Internal server error","1"
"2024","Frederiksberg 1","Internal server error","6"
"2024","Frederiksberg 2","Internal server error","3"
"2024","Frederiksberg 3","Internal server error","1"
"2024","Frem - Hellebæk 1","Internal server error","1"
"2024","Gentofte 1","Internal server error","2"
"2024","Gentofte 2","Internal server error","1"
"2024","Gentofte 3","Internal server error","4"
"2024","Gentofte 4","Internal server error","2"
"2024","Gladsaxe Søborg 3","Internal server error","1"
"2024","Gladsaxe Søborg 4","Internal server error","2"
"2024","Glostrup 1","Internal server error","2"
"2024","Grindsted BK 1","Internal server error","1"
"2024","Herlev/Hjorten 5","Internal server error","1"
"2024","Herning 1","Internal server error","1"
"2024","HOG Badminton","Hinnerup, Internal server error","1"
"2024","Holte 2","Internal server error","1"
"2024","Hørsholm 2","Internal server error","1"
"2024","Humlebæk","Internal server error","1"
"2024","Humlebæk 1","Internal server error","1"
"2024","Humlebæk 2","Internal server error","1"
"2024","Hvidovre 1","Internal server error","5"
"2024","Hvidovre 2","Internal server error","2"
"2024","Hvidovre 3","Internal server error","4"
"2024","Hvidovre HB2000","Internal server error","1"
"2024","Islands Brygge 1","Internal server error","5"
"2024","Islands Brygge 3","Internal server error","1"
"2024","Karlslunde 1","Internal server error","2"
"2024","KBK Kbh. 1","Internal server error","3"
"2024","KBK Kbh. 3","Internal server error","2"
"2024","KBK Kbh. 4","Internal server error","1"
"2024","KMB2010 1","Internal server error","2"
"2024","KMB2010 2","Internal server error","2"
"2024","KMB2010 3","Internal server error","1"
"2024","KMB2010 4","Internal server error","1"
"2024","KMB2010 5","Internal server error","1"
"2024","Kolding BK","Internal server error","1"
"2024","Kolding BK 1","Internal server error","1"
"2024","Kolding BK 2","Internal server error","1"
"2024","Lyngby 2","Internal server error","2"
"2024","Lyngby 3","Internal server error","2"
"2024","Lyngby 5","Internal server error","2"
"2024","NBK Amager","Internal server error","1"
"2024","NBK Amager 1","Internal server error","2"
"2024","NBK Amager 3","Internal server error","1"
"2024","Ølstykke 1","Internal server error","1"
"2024","Posten Kbh.","Internal server error","1"
"2024","Rødovre 1","Internal server error","3"
"2024","Rødovre 2","Internal server error","1"
"2024","Skovshoved 1","Internal server error","2"
"2024","Skovshoved 2","Internal server error","4"
"2024","Skovshoved 3","Internal server error","1"
"2024","Skovshoved 4","Internal server error","3"
"2024","Slangerup 2","Internal server error","1"
"2024","Solbjerg 1","Internal server error","1"
"2024","Støvring 1","Internal server error","1"
"2024","Svenstrup 1","Internal server error","1"
"2024","Team Slagelse/Skælskør 1","Internal server error","1"
"2024","Team Vejleå 3","Internal server error","2"
"2024","Team-Work Nordjylland Bje... 1","Internal server error","1"
"2024","Valby BC 1","Internal server error","2"
"2024","Valby BC 2","Internal server error","5"
"2024","Vallensbæk 1","Internal server error","2"
"2024","Vanløse","Internal server error","1"
"2024","Vanløse 1","Internal server error","5"
"2024","Vanløse 2","Internal server error","1"
"2024","Vindinge 1","Internal server error","2"
"2025","Auning 1","Internal server error","1"
"2025","Badminton Esbjerg 1","Internal server error","1"
"2025","Badminton Roskilde 1","Internal server error","1"
"2025","BC37 Amager 1","Internal server error","3"
"2025","BC37 Amager 2","Internal server error","1"
"2025","BC37 Amager 3","Internal server error","4"
"2025","BC37 Amager 4","Internal server error","4"
"2025","BC37 Amager 5","Internal server error","1"
"2025","Birkerød BK13","Internal server error","1"
"2025","Birkerød BK13 1","Internal server error","1"
"2025","BK36 Kbh. 1","Internal server error","2"
"2025","Charlottenlund 1","Internal server error","7"
"2025","Charlottenlund 2","Internal server error","4"
"2025","Charlottenlund 3","Internal server error","2"
"2025","Dragør 1","Internal server error","7"
"2025","Dragør 2","Internal server error","6"
"2025","Dragør 3","Internal server error","2"
"2025","Drive 1","Internal server error","3"
"2025","Drive 2","Internal server error","3"
"2025","Drive 3","Internal server error","4"
"2025","Drive 4","Internal server error","2"
"2025","Drive 5","Internal server error","2"
"2025","Drive 6","Internal server error","2"
"2025","Farum 1","Internal server error","1"
"2025","FKIF Frederiksberg 1","Internal server error","4"
"2025","FKIF Frederiksberg 2","Internal server error","4"
"2025","Frederiksberg 1","Internal server error","4"
"2025","Frederiksberg 2","Internal server error","6"
"2025","Frederiksberg 4","Internal server error","2"
"2025","Gentofte 1","Internal server error","1"
"2025","Gentofte 2","Internal server error","2"
"2025","Gentofte 3","Internal server error","1"
"2025","Gladsaxe Søborg 1","Internal server error","1"
"2025","Gladsaxe Søborg 4","Internal server error","2"
"2025","Glostrup 1","Internal server error","1"
"2025","Hadsten BK 1","Internal server error","1"
"2025","Herlev/Hjorten 1","Internal server error","1"
"2025","Herlev/Hjorten 2","Internal server error","2"
"2025","Herlev/Hjorten 4","Internal server error","1"
"2025","Herning 2","Internal server error","1"
"2025","Hillerød 1","Internal server error","4"
"2025","Højbjerg","Internal server error","1"
"2025","Højbjerg 2","Internal server error","1"
"2025","Holbæk 1","Internal server error","1"
"2025","Hørning IF 1","Internal server error","1"
"2025","Hørsholm 1","Internal server error","2"
"2025","Hørsholm 2","Internal server error","1"
"2025","Hvidovre 1","Internal server error","3"
"2025","Hvidovre 2","Internal server error","3"
"2025","Hvidovre 3","Internal server error","4"
"2025","Hvidovre 4","Internal server error","2"
"2025","Hvidovre HB2000 1","Internal server error","1"
"2025","Ikast 1","Internal server error","1"
"2025","Islands Brygge 1","Internal server error","4"
"2025","Islands Brygge 2","Internal server error","4"
"2025","Islands Brygge 3","Internal server error","6"
"2025","Karlslunde 1","Internal server error","1"
"2025","KBK Kbh. 1","Internal server error","5"
"2025","KBK Kbh. 3","Internal server error","7"
"2025","KBK Kbh. 4","Internal server error","1"
"2025","KMB2010 1","Internal server error","1"
"2025","KMB2010 2","Internal server error","3"
"2025","KMB2010 3","Internal server error","1"
"2025","KMB2010 4","Internal server error","2"
"2025","KMB2010 6","Internal server error","1"
"2025","KMB2010 7","Internal server error","1"
"2025","Kolding BK 1","Internal server error","2"
"2025","Lyngby 1","Internal server error","3"
"2025","Lyngby 2","Internal server error","4"
"2025","Lyngby 4","Internal server error","2"
"2025","Lyngby 5","Internal server error","2"
"2025","Lystrup 1","Internal server error","2"
"2025","NBK Amager 1","Internal server error","8"
"2025","NBK Amager 2","Internal server error","4"
"2025","NBK Amager 3","Internal server error","2"
"2025","Nørhalne 1","Internal server error","1"
"2025","Nyborg 1","Internal server error","1"
"2025","Odense OBK 2","Internal server error","1"
"2025","Oksbøl Badminton Klub 1","Internal server error","1"
"2025","Rødovre 1","Internal server error","2"
"2025","SAIF Kbh. 1","Internal server error","1"
"2025","Sdr. Hygum 1","Internal server error","1"
"2025","Skødstrup 1","Internal server error","1"
"2025","Skovshoved 1","Internal server error","1"
"2025","Skovshoved 2","Internal server error","4"
"2025","Skovshoved 3","Internal server error","5"
"2025","Skovshoved 4","Internal server error","4"
"2025","Slangerup 1","Internal server error","1"
"2025","Solrød Strand 1","Internal server error","1"
"2025","Solrød Strand 3","Internal server error","2"
"2025","Solrød Strand 7","Internal server error","1"
"2025","Sorø 1","Internal server error","1"
"2025","Svenstrup 2","Internal server error","1"
"2025","Tarup-Pårup 1","Internal server error","1"
"2025","Tarup-Pårup 2","Internal server error","1"
"2025","Team Work Nordjylland abc... 1","Internal server error","1"
"2025","Tingbjerg 2","Could not find any players on match","1"
"2025","Tranbjerg AIA 1","Internal server error","1"
"2025","Valby BC 1","Internal server error","4"
"2025","Valby BC 2","Internal server error","2"
"2025","Valby BC 3","Internal server error","2"
"2025","Vallensbæk 2","Internal server error","2"
"2025","Vanløse 1","Internal server error","4"
"2025","Vanløse 2","Internal server error","1"
"2025","VBK‑Gistrup 1","Internal server error","1"
"2025","Vinding SF 2","Internal server error","1"
