external_player_id,gender_status
15896,kvinde
17541,kvinde
231076,kvinde
241778,kvinde
255445,kvinde
273590,kvinde
285886,kvinde
289635,mand
311809,mand
345239,kvinde
345732,mand
64930,kvinde
246818,kvinde
252929,mand
270800,kvinde
299001,kvinde
334001,kvinde
250909,kvinde
254525,kvinde
275862,kvinde
278688,kvinde
280260,kvinde
285261,kvinde
306442,kvinde
321053,kvinde
330626,kvinde
336961,kvinde
338020,mand
341808,kvinde
343548,kvinde
362240,kvinde
57293,kvinde
57332,kvinde
93176,kvinde
9811,kvinde
14086,kvinde
242045,kvinde
326260,mand
339274,kvinde
345701,kvinde
270543,kvinde
207018,kvinde
198457,kvinde
206389,kvinde
22354,kvinde
266348,kvinde
278428,kvinde
278841,kvinde
290169,kvinde
292568,kvinde
293994,kvinde
298155,kvinde
316193,kvinde
317388,kvinde
82818,kvinde
198580,kvinde
333709,kvinde
237442,kvinde
8606,kvinde
88064,kvinde
206780,kvinde
47823,kvinde
