"season","matchId","team","opponent","category","source"
"2018","337416","Gladsaxe Søborg 1","Team Storstrøm 1","walkover_or_not_attended","https://www.badmintonplayer.dk/DBF/HoldTurnering/Stilling/#5,2018,11355,1,8,,337416,1093,"
"2018","337417","Gladsaxe Søborg 1","Herlufsholm 1","walkover_or_not_attended","https://www.badmintonplayer.dk/DBF/HoldTurnering/Stilling/#5,2018,11355,1,8,,337417,1093,"
"2018","337423","Gladsaxe Søborg 1","Herlev/Hjorten 1","walkover_or_not_attended","https://www.badmintonplayer.dk/DBF/HoldTurnering/Stilling/#5,2018,11355,1,8,,337423,1093,"
"2018","337425","Gladsaxe Søborg 1","Skælskør 1","walkover_or_not_attended","https://www.badmintonplayer.dk/DBF/HoldTurnering/Stilling/#5,2018,11355,1,8,,337425,1093,"
"2019","365220","Gladsaxe Søborg 3","KSI Badmintonklub Kbh. 3","cancelled_or_no_result","https://www.badmintonplayer.dk/DBF/HoldTurnering/Stilling/#5,2019,12570,1,8,,365220,1093,"
"2019","365224","Gladsaxe Søborg 3","SAIF Kbh. 8","cancelled_or_no_result","https://www.badmintonplayer.dk/DBF/HoldTurnering/Stilling/#5,2019,12570,1,8,,365224,1093,"
"2019","365416","Gladsaxe Søborg 1","Lyngby 2","cancelled_or_no_result","https://www.badmintonplayer.dk/DBF/HoldTurnering/Stilling/#5,2019,12580,1,8,,365416,1093,"
"2019","365483","Gladsaxe Søborg 2","BC KVIK Kbh. 1","cancelled_or_no_result","https://www.badmintonplayer.dk/DBF/HoldTurnering/Stilling/#5,2019,12583,1,8,,365483,1093,"
"2019","365512","Gladsaxe Søborg 4","Posten Kbh. 2","cancelled_or_no_result","https://www.badmintonplayer.dk/DBF/HoldTurnering/Stilling/#5,2019,12584,1,8,,365512,1093,"
"2019","365545","Gladsaxe Søborg 3","FKIF Frederiksberg 3","cancelled_or_no_result","https://www.badmintonplayer.dk/DBF/HoldTurnering/Stilling/#5,2019,12585,1,8,,365545,1093,"
"2019","365548","Gladsaxe Søborg 3","Tingbjerg 2","cancelled_or_no_result","https://www.badmintonplayer.dk/DBF/HoldTurnering/Stilling/#5,2019,12585,1,8,,365548,1093,"
"2019","365718","Gladsaxe Søborg 1","Tingbjerg 1","cancelled_or_no_result","https://www.badmintonplayer.dk/DBF/HoldTurnering/Stilling/#5,2019,12588,1,8,,365718,1093,"
"2019","365749","Gladsaxe Søborg 2","Gentofte 3","cancelled_or_no_result","https://www.badmintonplayer.dk/DBF/HoldTurnering/Stilling/#5,2019,12589,1,8,,365749,1093,"
"2019","365774","Gladsaxe Søborg 3","KMB2010 2","cancelled_or_no_result","https://www.badmintonplayer.dk/DBF/HoldTurnering/Stilling/#5,2019,12590,1,8,,365774,1093,"
"2019","365803","Gladsaxe Søborg 4","Frederiksberg 1","cancelled_or_no_result","https://www.badmintonplayer.dk/DBF/HoldTurnering/Stilling/#5,2019,12591,1,8,,365803,1093,"
"2019","366883","Gladsaxe Søborg 1","Gentofte Motionist BK 1","walkover_or_not_attended","https://www.badmintonplayer.dk/DBF/HoldTurnering/Stilling/#5,2019,12597,1,8,,366883,1093,"
"2019","366885","Gladsaxe Søborg 1","KBK Kbh. 1","walkover_or_not_attended","https://www.badmintonplayer.dk/DBF/HoldTurnering/Stilling/#5,2019,12597,1,8,,366885,1093,"
"2019","366887","Gladsaxe Søborg 1","Hvidovre 1","walkover_or_not_attended","https://www.badmintonplayer.dk/DBF/HoldTurnering/Stilling/#5,2019,12597,1,8,,366887,1093,"
"2019","366889","Gladsaxe Søborg 1","Gentofte Motionist BK 1","walkover_or_not_attended","https://www.badmintonplayer.dk/DBF/HoldTurnering/Stilling/#5,2019,12597,1,8,,366889,1093,"
"2019","366891","Gladsaxe Søborg 1","KBK Kbh. 1","walkover_or_not_attended","https://www.badmintonplayer.dk/DBF/HoldTurnering/Stilling/#5,2019,12597,1,8,,366891,1093,"
"2019","366893","Gladsaxe Søborg 1","Hvidovre 1","cancelled_or_no_result","https://www.badmintonplayer.dk/DBF/HoldTurnering/Stilling/#5,2019,12597,1,8,,366893,1093,"
"2019","366944","Gladsaxe Søborg 2","KBK Kbh. 2","cancelled_or_no_result","https://www.badmintonplayer.dk/DBF/HoldTurnering/Stilling/#5,2019,12595,1,8,,366944,1093,"
"2019","366948","Gladsaxe Søborg 2","KMB2010 1","cancelled_or_no_result","https://www.badmintonplayer.dk/DBF/HoldTurnering/Stilling/#5,2019,12595,1,8,,366948,1093,"
"2019","366979","Gladsaxe Søborg 1","Hvidovre HB2000 1","cancelled_or_no_result","https://www.badmintonplayer.dk/DBF/HoldTurnering/Stilling/#5,2019,12594,1,8,,366979,1093,"
"2019","366986","Gladsaxe Søborg 1","BK36 Kbh. 1","cancelled_or_no_result","https://www.badmintonplayer.dk/DBF/HoldTurnering/Stilling/#5,2019,12594,1,8,,366986,1093,"
"2019","384292","Gladsaxe Søborg","Vordingborg","cancelled_or_no_result","https://www.badmintonplayer.dk/DBF/HoldTurnering/Stilling/#5,2019,13102,1,8,,384292,1093,"
"2019","385098","Gladsaxe Søborg 2","KSI Badmintonklub Kbh. 1","cancelled_or_no_result","https://www.badmintonplayer.dk/DBF/HoldTurnering/Stilling/#5,2019,13144,1,8,,385098,1093,"
"2020","387755","Gladsaxe Søborg 1","Frederiksberg 1","walkover_or_not_attended","https://www.badmintonplayer.dk/DBF/HoldTurnering/Stilling/#5,2020,13302,1,8,,387755,1093,"
"2020","387757","Gladsaxe Søborg 1","KBK Kbh. 1","walkover_or_not_attended","https://www.badmintonplayer.dk/DBF/HoldTurnering/Stilling/#5,2020,13302,1,8,,387757,1093,"
"2020","387878","Gladsaxe Søborg 3","KMB2010 2","cancelled_or_no_result","https://www.badmintonplayer.dk/DBF/HoldTurnering/Stilling/#5,2020,13306,1,8,,387878,1093,"
"2020","387879","Gladsaxe Søborg 3","Gentofte 3","cancelled_or_no_result","https://www.badmintonplayer.dk/DBF/HoldTurnering/Stilling/#5,2020,13306,1,8,,387879,1093,"
"2020","387884","Gladsaxe Søborg 3","KBK Kbh. 1","cancelled_or_no_result","https://www.badmintonplayer.dk/DBF/HoldTurnering/Stilling/#5,2020,13306,1,8,,387884,1093,"
"2020","387887","Gladsaxe Søborg 3","Drive 2","cancelled_or_no_result","https://www.badmintonplayer.dk/DBF/HoldTurnering/Stilling/#5,2020,13306,1,8,,387887,1093,"
"2020","387902","Gladsaxe Søborg 4","Rødovre/KFUM KBH 2","cancelled_or_no_result","https://www.badmintonplayer.dk/DBF/HoldTurnering/Stilling/#5,2020,13307,1,8,,387902,1093,"
"2020","387907","Gladsaxe Søborg 4","Valby BC 1","cancelled_or_no_result","https://www.badmintonplayer.dk/DBF/HoldTurnering/Stilling/#5,2020,13307,1,8,,387907,1093,"
"2020","387909","Gladsaxe Søborg 4","Tingbjerg 2","cancelled_or_no_result","https://www.badmintonplayer.dk/DBF/HoldTurnering/Stilling/#5,2020,13307,1,8,,387909,1093,"
"2020","387915","Gladsaxe Søborg 4","Gentofte 4","cancelled_or_no_result","https://www.badmintonplayer.dk/DBF/HoldTurnering/Stilling/#5,2020,13307,1,8,,387915,1093,"
"2020","388014","Gladsaxe Søborg 1","Hvidovre HB2000 1","cancelled_or_no_result","https://www.badmintonplayer.dk/DBF/HoldTurnering/Stilling/#5,2020,13311,1,8,,388014,1093,"
"2020","388019","Gladsaxe Søborg 1","Vanløse 1","cancelled_or_no_result","https://www.badmintonplayer.dk/DBF/HoldTurnering/Stilling/#5,2020,13311,1,8,,388019,1093,"
"2020","388020","Gladsaxe Søborg 1","Drive 1","cancelled_or_no_result","https://www.badmintonplayer.dk/DBF/HoldTurnering/Stilling/#5,2020,13311,1,8,,388020,1093,"
"2020","388024","Gladsaxe Søborg 1","Lyngby 1","cancelled_or_no_result","https://www.badmintonplayer.dk/DBF/HoldTurnering/Stilling/#5,2020,13311,1,8,,388024,1093,"
"2020","388044","Gladsaxe Søborg 2","Frederiksberg 1","cancelled_or_no_result","https://www.badmintonplayer.dk/DBF/HoldTurnering/Stilling/#5,2020,13312,1,8,,388044,1093,"
"2020","388049","Gladsaxe Søborg 2","KBK Kbh. 2","cancelled_or_no_result","https://www.badmintonplayer.dk/DBF/HoldTurnering/Stilling/#5,2020,13312,1,8,,388049,1093,"
"2020","388054","Gladsaxe Søborg 2","Søvang 1","cancelled_or_no_result","https://www.badmintonplayer.dk/DBF/HoldTurnering/Stilling/#5,2020,13312,1,8,,388054,1093,"
"2020","388063","Gladsaxe Søborg 2","Posten Kbh. 1","cancelled_or_no_result","https://www.badmintonplayer.dk/DBF/HoldTurnering/Stilling/#5,2020,13312,1,8,,388063,1093,"
"2020","403986","Gladsaxe Søborg 1","BK36 Kbh. 1","cancelled_or_no_result","https://www.badmintonplayer.dk/DBF/HoldTurnering/Stilling/#5,2020,13302,1,8,,403986,1093,"
"2020","403990","Gladsaxe Søborg 1","FKIF Frederiksberg 1","cancelled_or_no_result","https://www.badmintonplayer.dk/DBF/HoldTurnering/Stilling/#5,2020,13311,1,8,,403990,1093,"
"2020","403996","Gladsaxe Søborg 1","Hvidovre 1","cancelled_or_no_result","https://www.badmintonplayer.dk/DBF/HoldTurnering/Stilling/#5,2020,13311,1,8,,403996,1093,"
"2020","403998","Gladsaxe Søborg 2","Lyngby 2","cancelled_or_no_result","https://www.badmintonplayer.dk/DBF/HoldTurnering/Stilling/#5,2020,13312,1,8,,403998,1093,"
"2020","404003","Gladsaxe Søborg 2","Sct. Jørgen Kbh. 1","cancelled_or_no_result","https://www.badmintonplayer.dk/DBF/HoldTurnering/Stilling/#5,2020,13312,1,8,,404003,1093,"
"2020","404142","Gladsaxe Søborg 2","BC37 Amager 1","cancelled_or_no_result","https://www.badmintonplayer.dk/DBF/HoldTurnering/Stilling/#5,2020,13305,1,8,,404142,1093,"
"2020","404143","Gladsaxe Søborg 3","Lyngby 3","cancelled_or_no_result","https://www.badmintonplayer.dk/DBF/HoldTurnering/Stilling/#5,2020,13306,1,8,,404143,1093,"
"2020","404147","Gladsaxe Søborg 4","Vanløse 1","cancelled_or_no_result","https://www.badmintonplayer.dk/DBF/HoldTurnering/Stilling/#5,2020,13307,1,8,,404147,1093,"
"2020","404672","Gladsaxe Søborg 1","Hvidovre 1","cancelled_or_no_result","https://www.badmintonplayer.dk/DBF/HoldTurnering/Stilling/#5,2020,13302,1,8,,404672,1093,"
"2020","404710","Gladsaxe Søborg 2","Charlottenlund 2","cancelled_or_no_result","https://www.badmintonplayer.dk/DBF/HoldTurnering/Stilling/#5,2020,13305,1,8,,404710,1093,"
"2020","404714","Gladsaxe Søborg 4","Lyngby 4","cancelled_or_no_result","https://www.badmintonplayer.dk/DBF/HoldTurnering/Stilling/#5,2020,13307,1,8,,404714,1093,"
