clubId,name,badmintonPlayerId,initialized,status,teamCount,error
"1372","6. kr. Ny Vest","1372","true","ok","2",""
"2020","Aabenraa","2020","true","ok","18",""
"7487","Aarhus Efterskole","7487","false","ok","0",""
"1578","Aars","1578","true","ok","4",""
"1415","Aarup Badmintonklub","1415","false","ok","3",""
"1384","Aakirkeby","1384","false","ok","5",""
"1491","abc Aalborg","1491","true","ok","39",""
"1883","Aadum I & U","1883","false","ok","0",""
"1576","Aalborg Student","1576","false","ok","1",""
"2871","Aale UI","2871","false","ok","0",""
"1575","Aabybro","1575","false","ok","6",""
"1492","Aalborg Triton","1492","true","ok","59",""
"1617","Aarhus AB","1617","true","ok","47",""
"7288","AC Norddjurs","7288","false","ok","0",""
"7955","Aasiaat Badmintonklub","7955","false","ok","0",""
"1911","Alheden","1911","false","ok","0",""
"1197","Ålholm","1197","false","ok","2",""
"1550","Ålborg Semin.","1550","false","ok","0",""
"1397","Allesø","1397","false","ok","1",""
"1279","Agersø","1279","false","ok","0",""
"1933","Agerbæk SF","1933","false","ok","0",""
"2044","Agerskov UF","2044","false","ok","0",""
"1577","Ålbæk","0","false","ok","0",""
"461","Albertslund","461","false","ok","4",""
"7505","Algeriet","7505","false","ok","0",""
"1274","Alsted-Fjenneslev G & I","1274","false","ok","0",""
"1086","Amager ABC","1086","false","ok","0",""
"1336","Allindelille IF","1336","false","ok","0",""
"1756","Allingåbro","1756","false","ok","0",""
"1201","Alsønderup","1201","false","ok","0",""
"1937","Alslev SK","1937","false","ok","0",""
"7501","Almind/Birgittelyst Idrætsforening","7501","false","ok","0",""
"1373","Allinge-S.G. Badminton","1373","false","ok","5",""
"1929","Andrup","1929","false","ok","1",""
"1720","Ammitsbøl","1720","false","ok","1",""
"1719","Alminde Viuf","1719","true","ok","4",""
"1942","Andst","1942","false","ok","5",""
"1271","Annisse","1271","false","ok","0",""
"1325","Antvorskov Badmintonklub","1325","false","ok","0",""
"1940","Ansager Idrætsforening (AIF)","1940","false","ok","0",""
"1851","Ans","1851","false","ok","0",""
"1385","Årsballe","1385","false","ok","0",""
"1262","Årby","1262","false","ok","0",""
"3471","Årslev","3471","false","ok","0",""
"1107","Argo Kbh.","1107","false","ok","0",""
"1964","Arnborg","1964","false","ok","0",""
"1632","Århus Akademisk","1632","true","ok","3",""
"1608","Asaa","1608","false","ok","0",""
"1501","Asdal","1501","false","ok","1",""
"1975","Asmild","1975","false","ok","0",""
"2054","Arnum","2054","false","ok","0",""
"2942","Aros BK","0","false","ok","0",""
"2934","Arrild IF","2934","false","ok","0",""
"1171","Asnæs","1171","false","ok","4",""
"1436","Assens","1436","false","ok","0",""
"7370","Åstrup IF","7370","false","ok","0",""
"1583","Assens IF","1583","false","ok","0",""
"1502","Astrup-Sønderskov","1502","false","ok","0",""
"1850","Aulum Gymnastikforening","1850","false","ok","6",""
"7356","ATP Sportsforening","7356","false","ok","0",""
"2021","Augustenborg","2021","false","ok","3",""
"7579","Aulby Kultur og Idrætsforening","7579","false","ok","0",""
"1688","Auning","1688","false","ok","5",""
"1398","Aunslev","1398","false","ok","2",""
"2138","Australien","2138","false","ok","0",""
"1474","Ærøskøbing","1474","false","ok","0",""
"2097","BADBORN","2097","false","ok","0",""
"2100","BADKBH","2100","false","ok","3",""
"2101","BADLF","2101","false","ok","0",""
"2098","BADFYN","2098","false","ok","3",""
"978","BADDAN","978","false","ok","0",""
"5876","Badminton Danmark Elite","5876","false","ok","0",""
"2104","BADMIDJ","2104","false","ok","3",""
"2096","BADNDRJ","2096","false","ok","3",""
"7062","Badminton Roskilde","7062","true","ok","45",""
"16","Badminton Esbjerg","16","true","ok","43",""
"7720","Badminton Europe","7720","false","ok","0",""
"1177","Bagsværd","1177","true","ok","5",""
"7842","Badminton i indre By","7842","false","ok","0",""
"1142","Ballerup BC58","1142","false","ok","1",""
"7719","Badminton World Federation","7719","false","ok","0",""
"7133","Badmintonklubben af 1985","7133","true","ok","1",""
"5271","Badmintonpeople - Superbrugere","5271","false","ok","0",""
"2099","BADSDRJ","2099","false","ok","3",""
"1803","Badt 72 Sjørring","1803","false","ok","0",""
"2102","BADSJ","2102","false","ok","3",""
"1717","Barrit","1717","false","ok","0",""
"1503","Bagterp","1503","false","ok","0",""
"1102","BC KVIK Kbh.","1102","false","ok","2",""
"1087","BC37 Amager","1087","true","ok","40",""
"2058","Ballum Idrætsforening","2058","false","ok","0",""
"1939","Bække","1939","false","ok","0",""
"1804","Balling-Volling","1804","false","ok","0",""
"1508","Bælum-Solbjerg","1508","false","ok","5",""
"7198","BC 80, Sønderborg","7198","false","ok","0",""
"1342","Bandholm","1342","true","ok","2",""
"1619","Beder-Malling","1619","false","ok","6",""
"1991","Bedsted IF, Badminton","1991","false","ok","0",""
"2105","Belgien","2105","false","ok","0",""
"1489","Bellinge IF, Badminton","1489","false","ok","2",""
"2050","Bevtoft","2050","false","ok","0",""
"1137","BF99","0","false","ok","0",""
"1504","Biersted","1504","false","ok","3",""
"1633","Billund","1633","false","ok","3",""
"1729","Bjert","1729","false","ok","0",""
"1103","BK36 Kbh.","1103","true","ok","4",""
"1143","Birkerød BK13","1143","false","ok","34",""
"1505","Bindslev-Tversted","1505","true","ok","10",""
"1101","BKPOINT Kbh.","1101","false","ok","0",""
"1784","Bispehavens Badminton Club","1784","false","ok","14",""
"1215","Bjæverskov","1215","false","ok","1",""
"1640","Bjerregrav","1640","false","ok","0",""
"1591","Bjergby-Mygdal","1591","false","ok","24",""
"1634","Bjerringbro","1634","false","ok","2",""
"7112","Blåkilde","0","false","ok","0",""
"7340","Blåkilde Efterskole","7340","false","ok","3",""
"1888","Blåkilde Ungd.sk.","1888","false","ok","0",""
"1997","Blans Sundeved","1997","false","ok","7",""
"1507","Blenstrup","1507","false","ok","1",""
"1176","Blistrup","1176","false","ok","4",""
"1273","Blovstrød Badmintonklub","1273","false","ok","0",""
"1506","BNB Nibe","1506","false","ok","6",""
"1275","Boeslunde Gymnastikforening","1275","false","ok","0",""
"1614","Boddum-Ydby Idrætsforening, Badminton","1614","false","ok","0",""
"1400","Bogense","1400","false","ok","0",""
"1306","Bogø","1306","false","ok","0",""
"1388","Bolbro","1388","true","ok","19",""
"1998","Bolderslev/Vollerup","1998","false","ok","0",""
"7231","Borbjerg GU","7231","false","ok","6",""
"1805","Bording T&B","1805","false","ok","0",""
"7724","Bork FK","7724","false","ok","0",""
"1609","Borremose","1609","false","ok","0",""
"1884","Borris G og U","1884","false","ok","0",""
"1203","Borup","1203","false","ok","5",""
"1461","Bøgebjerg","1461","false","ok","2",""
"1673","Børkop","1673","false","ok","4",""
"1999","Bov","1999","false","ok","1",""
"1774","Bøvling","1774","false","ok","0",""
"1635","Brabrand","1635","false","ok","26",""
"7069","Bråby if","7069","false","ok","1",""
"1636","Bramdrupdam BG IF","1636","false","ok","7",""
"1806","Bramming","1806","false","ok","0",""
"1285","Bramsnæs","1285","false","ok","0",""
"1807","Brande","1807","false","ok","5",""
"2064","Branderup Ungdoms - og Idrætsforening","2064","false","ok","0",""
"2159","Brasilien","2159","false","ok","0",""
"1762","Bredstrup-Pjedsted","1762","false","ok","0",""
"1841","Brædstrup","1841","false","ok","1",""
"2042","Bredebro","2042","false","ok","0",""
"2093","Bredsted UIF","2093","false","ok","0",""
"1721","Bredsten","1721","false","ok","0",""
"1789","Bredballe Badmintonklub","1789","false","ok","0",""
"1637","Bredballe Idrætsforening, Badmintonafd.","1637","false","ok","0",""
"2000","Broager","2000","false","ok","1",""
"1204","Brøndby BK","1204","true","ok","12",""
"1889","Bremdal","1889","false","ok","0",""
"1463","Brenderup","1463","false","ok","2",""
"1493","Brønderslev","1493","true","ok","19",""
"1168","Brøndby Strand","1168","false","ok","4",""
"1808","Brørup","1808","false","ok","2",""
"2030","Brøruphus Efterskole","2030","false","ok","7",""
"1966","Bruunshåb-Tapdrup IF","1966","false","ok","2",""
"1402","Brylle","1402","false","ok","0",""
"7142","BS72 Badminton","7142","false","ok","0",""
"1915","Bryrup","1915","false","ok","0",""
"1089","Charlottenlund","1089","true","ok","26",""
"1264","Bukkerup","1264","false","ok","0",""
"2122","Bulgarien","2122","false","ok","0",""
"2045","Bylderup og Omegns GF","2045","false","ok","0",""
"2128","Canada","2128","false","ok","0",""
"1138","CBS Sport Badminton","1138","true","ok","1",""
"1404","Dalum Papir","1404","false","ok","0",""
"1638","Christiansbjerg","1638","true","ok","8",""
"2026","Christiansfeld","2026","false","ok","1",""
"7389","Cuba","7389","false","ok","0",""
"1246","Dalby G&IF","1246","false","ok","0",""
"1759","Dalby GF","1759","false","ok","0",""
"1852","Darum","1852","false","ok","0",""
"1509","Dall-Ferslev","1509","false","ok","5",""
"1405","Dalum Hjallese BK","1405","true","ok","50",""
"6916","Den danske husflidsefterskole","6916","false","ok","0",""
"1715","Daugård","1715","false","ok","0",""
"1737","DGI Badminton","1737","false","ok","0",""
"7289","Denmark","7289","false","ok","0",""
"7352","DGI & BD","7352","false","ok","0",""
"1386","DGI Bornholm","1386","false","ok","0",""
"1865","DGI Nordvest","1865","false","ok","0",""
"7561","Dianalund BK","7561","false","ok","4",""
"7980","Dit hjertes Motionsklub","7980","false","ok","0",""
"8014","Dit hjertes Motionsklub","0","false","ok","2",""
"5311","Dit-Klubnavn","5311","false","ok","7",""
"7890","Dit-Nye-Klubnavn","7890","false","ok","0",""
"1584","Doense-Vebbestrup IF","1584","false","ok","0",""
"4789","Dommerklubben","4789","false","ok","0",""
"1343","Døllefjelde-Musse","1343","false","ok","0",""
"1113","Døvania Kbh.","1113","false","ok","0",""
"1090","Dragør","1090","true","ok","25",""
"1510","Dronninglund","1510","false","ok","0",""
"1091","Drive Kbh.","1091","true","ok","53",""
"7101","Drop 83","7101","false","ok","3",""
"1200","DTU","1200","false","ok","2",""
"1809","Durup","1809","false","ok","0",""
"1602","Dybvad","1602","false","ok","0",""
"2001","Dybbøl","2001","true","ok","28",""
"1309","Egebjerg Nyk.Sj.","1309","false","ok","0",""
"1406","Ebberup","1406","false","ok","0",""
"2090","Egernførde IF","2090","false","ok","0",""
"7188","Efterskolen Solgården","7188","false","ok","2",""
"1773","Ebeltoft","1773","false","ok","0",""
"1758","Egebjerg IF","1758","false","ok","0",""
"1451","Egense/Rantzausminde Idrætsforening","1451","false","ok","2",""
"2091","Egernførde Badmintonklub","2091","false","ok","0",""
"2067","Egernsund","2067","false","ok","0",""
"1775","Egtved IF","1775","false","ok","1",""
"7244","Egypten","7244","false","ok","0",""
"1407","EIK, Ejby","1407","false","ok","0",""
"778","Ejby","778","true","ok","0",""
"6837","Ejsing Boldklub, Badminton","6837","false","ok","0",""
"1772","Ejstrupholm","1772","false","ok","0",""
"1675","Elbohallen","1675","false","ok","5",""
"1916","Engesvang","1916","false","ok","1",""
"2106","England","2106","false","ok","0",""
"2038","Ensted","2038","false","ok","0",""
"1344","Errindlev","1344","false","ok","0",""
"1639","Erritsø","1639","false","ok","0",""
"1184","Espergærde","1184","false","ok","3",""
"1299","Esrum","1299","false","ok","0",""
"2107","Estland","2107","false","ok","0",""
"1437","Faaborg","1437","true","ok","0",""
"7195","Fåborg/Vrenderup IF","7195","false","ok","0",""
"1469","Falsled","1469","false","ok","0",""
"1269","Fårevejle","1269","false","ok","0",""
"1512","Farsø","1512","false","ok","3",""
"1511","Farstrup","1511","false","ok","0",""
"1345","Fanefjord IF","1345","false","ok","0",""
"1853","Fanø","1853","false","ok","9",""
"1371","Fejø Idrætsforening, badminton","1371","false","ok","0",""
"1144","Farum","1144","true","ok","25",""
"7355","Farum Badminton Club af 1979","7355","false","ok","0",""
"1763","Fårup - Sønderbæk IF","1763","false","ok","0",""
"1768","Faster","1768","false","ok","6",""
"1191","Faxe","1191","false","ok","0",""
"1810","Feldborg-Haderup","1810","false","ok","0",""
"1335","Faxe Ladeplads","1335","false","ok","1",""
"2110","Færøerne","2110","false","ok","0",""
"1440","FGH Badminton","1440","false","ok","7",""
"2144","Filippinerne","2144","false","ok","0",""
"2108","Finland","2108","false","ok","0",""
"2043","Fjelstrup","2043","false","ok","0",""
"1722","Firehøje","1722","false","ok","2",""
"7144","Firmasport Odense","7144","false","ok","0",""
"1788","Fjelstervang IF","1788","false","ok","0",""
"1408","Fjelsted-Harndrup","1408","false","ok","0",""
"1513","Fjerritslev","1513","false","ok","14",""
"1409","Fjordager","1409","false","ok","0",""
"7766","FK 73","7766","false","ok","0",""
"2080","Flensborg-Sporskifte UF","2080","false","ok","0",""
"1206","Fladså","1206","false","ok","0",""
"1111","FKIF Frederiksberg","1111","true","ok","28",""
"1514","Flauenskjold","1514","false","ok","0",""
"1324","Fløng-Hedehusene","1324","false","ok","0",""
"1247","Føllenslev","1247","false","ok","2",""
"1112","Frederiksberg","1112","true","ok","32",""
"7881","Føvling Stenderup","7881","false","ok","0",""
"2109","Frankrig","2109","false","ok","0",""
"1447","Fraugde G & IF. Badmintonafdeling","1447","false","ok","0",""
"1175","Fredensborg","1175","false","ok","2",""
"1641","Fredericia","1641","false","ok","5",""
"1494","Frederikshavn","1494","true","ok","23",""
"1950","Funder","1950","false","ok","0",""
"1172","Frederiksværk","1172","true","ok","5",""
"1145","Frederikssund","1145","false","ok","23",""
"1166","Frem - Hellebæk","1166","true","ok","10",""
"2056","Frifelt","2056","false","ok","0",""
"1483","Frørup","1483","false","ok","0",""
"1329","Fuglebjerg Badmintonklub","1329","false","ok","0",""
"1983","Fursund IF","1983","false","ok","0",""
"1462","Fyn","1462","false","ok","0",""
"2095","FYNFGH","2095","false","ok","0",""
"1723","Fynslund","1723","false","ok","0",""
"1183","Ganløse","1183","false","ok","7",""
"1747","Gadbjerg","1747","false","ok","0",""
"7114","Gadstrup Snoldelev Badminton Sammenslutning (GSBS)","7114","false","ok","3",""
"1767","Galten FS","1767","false","ok","8",""
"1516","Gandrup","1516","false","ok","3",""
"1741","Gårslev GF","1741","false","ok","0",""
"1589","Gærum","1589","false","ok","0",""
"1682","Gedved","1682","false","ok","1",""
"2052","Genner","2052","false","ok","0",""
"1811","Gesten IF","1811","false","ok","0",""
"1334","Gevninge IF Badminton","1334","false","ok","1",""
"1092","Gentofte","1092","true","ok","49",""
"1456","Gislev","1456","false","ok","0",""
"1141","Gentofte Motionist BK","1141","false","ok","0",""
"1207","Gilleleje","1207","false","ok","7",""
"1248","Gislinge","1248","false","ok","0",""
"1597","Gjøl","1597","false","ok","0",""
"1093","Gladsaxe Søborg","1093","true","ok","77",""
"1539","Gistrup LKB","1539","false","ok","11",""
"1724","Give","1724","false","ok","0",""
"1752","Givskud","1752","false","ok","0",""
"1854","Gjellerup","1854","false","ok","5",""
"1917","Gjern","1917","false","ok","0",""
"1930","Gjesing","1930","false","ok","0",""
"1955","Gl. Rye","1955","false","ok","0",""
"1410","Glamsbjerg","1410","false","ok","0",""
"1464","Glamsdalen","1464","false","ok","12",""
"1935","Glejbjerg","1935","false","ok","0",""
"1812","Glyngøre","1812","false","ok","0",""
"1770","Glud Spss Skjold","1770","false","ok","0",""
"1146","Glostrup","1146","true","ok","16",""
"1338","Glumsø","1338","false","ok","2",""
"1518","Godthåb","1518","false","ok","0",""
"1918","Gødvad, Silkeborg","1918","false","ok","0",""
"1315","Gørslev","1315","false","ok","0",""
"1925","Gørding/ Lourup","1925","false","ok","3",""
"7165","Gørlev Idrætsefterskole","7165","false","ok","5",""
"7381","Gørløse badminton","7381","false","ok","0",""
"1209","Gørlev","1209","false","ok","12",""
"2003","Graasten","2003","false","ok","11",""
"2002","Gram","2002","false","ok","0",""
"1199","Grantoften","1199","false","ok","1",""
"7986","Gredstedbro Boldklub","7986","false","ok","0",""
"1642","Grenå","1642","true","ok","11",""
"1855","Grauballe","1855","false","ok","0",""
"2152","Grækenland","2152","false","ok","0",""
"1208","Græsted","1208","true","ok","18",""
"1813","Grindsted BK","1813","true","ok","19",""
"18","Greve","18","true","ok","45",""
"1519","Grindsted SK","1519","true","ok","0",""
"1725","Grønbjerg Langel.","1725","false","ok","0",""
"1875","Grønbjerg","1875","false","ok","9",""
"2121","Grønland","2121","false","ok","0",""
"1311","Grønsund","1311","false","ok","8",""
"1944","Grønlandsparkens I","1944","false","ok","0",""
"1777","Grundfos Hobby & Sport","1777","false","ok","3",""
"2132","Guatamala","2132","false","ok","0",""
"7325","Gudenaadalens Efterskole","7325","false","ok","10",""
"1959","Gudum Nissum IF","1959","false","ok","14",""
"1899","Gullestrup","1899","false","ok","0",""
"1495","Gug","1495","true","ok","20",""
"1249","Gundsølille","1249","false","ok","0",""
"1251","Gundsømagle G77","1251","false","ok","0",""
"7915","Gyrstinge","7915","false","ok","0",""
"1919","HA85 Silkeborg","1919","false","ok","4",""
"7933","Haarby Efterskole","7933","false","ok","7",""
"7979","Haarby IF","7979","false","ok","0",""
"7366","Hadsten IF","7366","false","ok","0",""
"19","Haderslev","19","true","ok","15",""
"1848","Haderup FS","1848","false","ok","0",""
"7412","Hadsten Old boys","7412","false","ok","0",""
"1740","Hadsten BK","1740","false","ok","11",""
"1267","Hagested","1267","false","ok","0",""
"1496","Hadsund","1496","true","ok","18",""
"1520","Hals","1520","false","ok","2",""
"1521","Halvrimmen","1521","false","ok","3",""
"1645","Hammel","1645","false","ok","15",""
"2039","Hammelev","2039","false","ok","1",""
"7640","Han Herred Efterskole","7640","false","ok","0",""
"2089","Hanved IF","2089","false","ok","0",""
"1814","Hannæs","1814","false","ok","0",""
"1995","Hanstholm IF, Badminton","1995","false","ok","0",""
"7474","Hårby if83","7474","false","ok","0",""
"1465","Hårby BK","1465","false","ok","0",""
"6592","Harboøre","6592","false","ok","0",""
"5454","Hårby IK 81","5454","false","ok","0",""
"1698","Harlev","1698","true","ok","4",""
"7984","Hårlev Ældrebadminton","7984","false","ok","0",""
"1210","Hareskov","1210","false","ok","4",""
"2088","Harreslev - Kobbermølle UF","2088","false","ok","0",""
"7570","Hashøj IF Badminton","7570","false","ok","0",""
"1414","Hårslev","1414","false","ok","1",""
"1620","Hasle BK","1620","false","ok","0",""
"1374","Hasle IF","1374","false","ok","7",""
"1192","Haslev","1192","false","ok","0",""
"1522","Hasseris","1522","false","ok","0",""
"1971","Håsum-Ramsing","1971","false","ok","0",""
"1703","Hatting","1703","false","ok","0",""
"1523","Haverslev","1523","false","ok","0",""
"20","Havdrup","20","false","ok","2",""
"7620","Havndal-Udbyneder","7620","false","ok","0",""
"1147","Helsinge","1147","true","ok","10",""
"7110","Havrebjerg","7110","false","ok","0",""
"1977","Hedensted Badmintonklub","1977","false","ok","9",""
"1815","Hejnsvig","1815","false","ok","0",""
"2033","Hellebjerg Idrætsefterskole","2033","false","ok","0",""
"1305","Hellested Idrætsforening","1305","false","ok","0",""
"2040","Hellevad","2040","false","ok","0",""
"5694","Hejls IF","5694","false","ok","0",""
"1178","Helsingør","1178","true","ok","5",""
"1411","Herrested","1411","false","ok","1",""
"1680","Hem Hindborg Dølby","1680","false","ok","0",""
"1189","Herfølge","1189","false","ok","4",""
"1148","Herlev/Hjorten","1148","true","ok","68",""
"1243","Herlufmagle","1243","false","ok","0",""
"447","Herlufsholm","447","false","ok","0",""
"1801","Herning","1801","true","ok","21",""
"7772","Hestlund Efterskole","7772","false","ok","0",""
"30","Hillerød","30","true","ok","39",""
"1783","Herskind Boldklub","1783","false","ok","1",""
"7736","Himmerlands Ungdomsskole","7736","false","ok","2",""
"7322","Hillerslev IF","7322","false","ok","0",""
"1601","Hirtshals","1601","false","ok","0",""
"1525","Hjallerup","1525","false","ok","10",""
"1488","Hjemly Idrætsefterskole","1488","true","ok","16",""
"1890","Hjerm","1890","false","ok","0",""
"2005","Hjerndrup HSB85","2005","false","ok","0",""
"1816","Hjerting IF","1816","false","ok","0",""
"2004","Hjordkær","2004","false","ok","4",""
"1802","Hjortshøj Egå","1802","false","ok","0",""
"1497","Hjørring","1497","true","ok","50",""
"1526","Hobro","1526","false","ok","6",""
"7481","HMI, Hou","7481","false","ok","0",""
"1647","HOG Badminton, Hinnerup","1647","true","ok","21",""
"1779","Hodsager IUF","1779","false","ok","4",""
"23","Holbæk","23","true","ok","25",""
"2600","Holbøl F & IF","2600","false","ok","0",""
"1346","Holeby","1346","false","ok","0",""
"2111","Holland","2111","false","ok","0",""
"1312","Holme Olstrup","1312","false","ok","0",""
"1443","Hollufpile-Tornbjerg IF, Badminton","1443","false","ok","0",""
"1250","Holmegaard","1250","false","ok","0",""
"6921","Holmsland G & UF","6921","false","ok","0",""
"1797","Holstebro","1797","false","ok","21",""
"1856","Holsted","0","false","ok","0",""
"1149","Holte","1149","true","ok","24",""
"2140","Hong Kong","2140","false","ok","0",""
"2051","Hoptrup-Marstrup","2051","false","ok","0",""
"1211","Hornbæk","1211","false","ok","7",""
"6825","Horne Efterskole, Badminton","6825","false","ok","0",""
"1438","Horne FS","1438","false","ok","3",""
"1648","Horn/Fårvang","1648","false","ok","0",""
"24","Hornslet","24","false","ok","5",""
"1938","Horne IF","1938","false","ok","0",""
"1769","Hornsyld","1769","false","ok","0",""
"1347","Horreby","1347","false","ok","0",""
"1621","Horsens","1621","true","ok","44",""
"2035","Horsens KFUM","2035","false","ok","0",""
"1348","Horslunde","1348","false","ok","0",""
"1742","Hou","1742","false","ok","0",""
"1743","Houlbjerg/Laurbjerg","1743","false","ok","0",""
"2057","Hovborg Badminton klub","2057","false","ok","0",""
"1706","Hovedgård","1706","false","ok","0",""
"1957","Hoven","1957","false","ok","0",""
"1795","Hover IF","1795","false","ok","1",""
"1987","Hover UIF, Badminton","1987","false","ok","0",""
"25","Højbjerg","25","true","ok","71",""
"1323","Højby BK","1323","false","ok","0",""
"1710","Højderyggens Badmintonklub","1710","false","ok","0",""
"1413","Højby S&G","1413","true","ok","10",""
"1650","Hørning IF","1650","false","ok","17",""
"7529","Hørby Efterskole","7529","false","ok","0",""
"1320","Høje Tåstrups Idrætsforening Badmintonafdelingen","1320","false","ok","0",""
"1751","Højen","1751","false","ok","2",""
"1970","Højslev","1970","false","ok","0",""
"7111","Højstrup","7111","false","ok","0",""
"2055","Højer","2055","false","ok","0",""
"1214","Høng","1214","false","ok","5",""
"1212","Hundested","1212","false","ok","2",""
"1151","Hørsholm","1151","true","ok","37",""
"2023","Hørup","2023","false","ok","0",""
"5477","HUI","5477","false","ok","0",""
"7163","Hulby GF","7163","false","ok","0",""
"1150","Humlebæk","1150","true","ok","43",""
"1926","Hunderup/Sejstrup UG","1926","false","ok","7",""
"1946","Humlum","1946","false","ok","0",""
"1213","Hvalsø","1213","false","ok","0",""
"1297","Hvidebæk","1297","false","ok","0",""
"1818","Hvide Sande","1818","false","ok","0",""
"1581","Hvalpsund","1581","false","ok","0",""
"1699","Hundslund","1699","false","ok","0",""
"1352","Hunseby MK-79","0","false","ok","0",""
"1817","Hurup IF","0","false","ok","0",""
"1412","Husby/Tanderup","1412","false","ok","0",""
"2087","Husum UIF","2087","false","ok","0",""
"2139","Hviderusland","2139","false","ok","0",""
"1094","Hvidovre","1094","true","ok","42",""
"1280","Hyllinge Menstrup","1280","false","ok","0",""
"7680","Idrætsforeningen GVL","7680","false","ok","0",""
"1120","Hvidovre HB2000","1120","true","ok","15",""
"1891","Idom /Råsted","1891","false","ok","0",""
"1953","Hviding","1953","false","ok","0",""
"1349","Idestrup","1349","false","ok","0",""
"1288","Idrætsforeningen Svend Gønge","1288","false","ok","0",""
"1692","IF Ådalen","1692","false","ok","0",""
"1623","IF Alliancen","1623","false","ok","1",""
"1993","IF Centrum","1993","false","ok","5",""
"1689","If Fjorden","1689","false","ok","0",""
"1136","IF Bispebjerg","0","false","ok","0",""
"1646","IF Hasle KFUM, Badminton","1646","false","ok","0",""
"1691","IF Mols","1691","false","ok","0",""
"2142","Irak","2142","false","ok","0",""
"1331","IF Skjold Skævinge Badminton","1331","false","ok","0",""
"6877","IF Viking Pindstrup","6877","false","ok","0",""
"1245","Ishøj Badminton Klub","1245","false","ok","5",""
"1819","Ikast","1819","true","ok","34",""
"2126","Indien","2126","false","ok","0",""
"1778","Ilskov Idrætsforening","1778","false","ok","0",""
"2141","Indonesien","2141","false","ok","0",""
"2113","Italien","2113","false","ok","0",""
"1952","Janderup","1952","false","ok","0",""
"2127","Japan","2127","false","ok","0",""
"2131","Iran","2131","false","ok","0",""
"2133","Irland","2133","false","ok","0",""
"1900","Isenvad","1900","false","ok","0",""
"2112","Island","2112","false","ok","0",""
"1155","Ishøj SB 50","1155","true","ok","13",""
"5956","Islands Brygge","5956","false","ok","32",""
"2154","Israel","2154","false","ok","0",""
"1194","Jægerspris","1194","false","ok","2",""
"1533","Jetsmark","1533","false","ok","6",""
"1531","Jarl Arden","1531","false","ok","0",""
"1870","Jebjerg","1870","false","ok","0",""
"1726","Jelling","1726","false","ok","2",""
"2025","Jels","2025","false","ok","0",""
"1216","Jernløse","1216","true","ok","26",""
"1532","Jerslev-Sterup","1532","false","ok","3",""
"1969","Jernved","1969","false","ok","0",""
"7347","Jonstrup Badmintonklub","7347","false","ok","2",""
"1651","Juelsminde","1651","false","ok","0",""
"1152","Karlslunde","1152","true","ok","31",""
"1187","Jyderup","1187","false","ok","2",""
"1169","Jyllinge","1169","false","ok","6",""
"1217","Kalundborg","1217","false","ok","4",""
"1289","Karise","1289","false","ok","0",""
"1218","Karlebo Idrætsforening","1218","false","ok","1",""
"1283","Karrebæk","1283","false","ok","0",""
"8059","KIFU","0","false","error","0","Internal server error"
"1976","Karup-Kølvrå","1976","false","ok","0",""
"1442","Kauslunde","1442","false","ok","0",""
"28","KBK Kbh.","28","true","ok","40",""
"1416","Kerteminde","1416","true","ok","6",""
"1119","KFUM Badminton Kbh.","1119","false","ok","3",""
"1901","Kibæk","1901","false","ok","0",""
"7978","KIFU","7978","false","ok","0",""
"2136","Kina","2136","false","ok","0",""
"27","KMB2010","27","true","ok","44",""
"1195","Kirke Hyllinge","1195","true","ok","5",""
"1943","Kjellerup","1943","false","ok","17",""
"1499","Klarup RKG","1499","false","ok","7",""
"1377","Knudsker","1377","true","ok","7",""
"1534","Klejtrup","1534","false","ok","0",""
"1376","Klemensker","1376","false","ok","0",""
"1986","Klinkby Badminton","0","false","ok","0",""
"1535","Klokkerholm","1535","false","ok","0",""
"2602","Koldingegnens Idrætsefterskole","2602","false","ok","0",""
"1653","Kolt-Hasselager","1653","false","ok","1",""
"1693","Kolind","1693","false","ok","0",""
"1470","Korinth Idræt","1470","false","ok","0",""
"1631","Kolding BK","1631","true","ok","37",""
"1652","Kolding KFUM","1652","false","ok","0",""
"1536","Kongerslev","1536","false","ok","0",""
"2143","Korea","2143","false","ok","0",""
"2036","Korning IF","2036","false","ok","0",""
"1179","Køge Nord Badminton","1179","false","ok","1",""
"1389","Korup","1389","false","ok","8",""
"1220","Korsør","1220","false","ok","0",""
"1989","Korsholm IF","1989","false","ok","0",""
"1898","Kølkær","1898","false","ok","0",""
"481","Køge","481","true","ok","29",""
"1418","Kølstrup-Rynkeby","1418","false","ok","0",""
"1350","Kraghave","1350","false","ok","5",""
"1654","Kristrup","1654","false","ok","0",""
"1268","Kundby","1268","false","ok","0",""
"1417","Krogsbølle","1417","false","ok","0",""
"2157","Kroatien","2157","false","ok","0",""
"1452","Krarup-Espe","1452","false","ok","3",""
"1457","Kullerup/Refsvindinge","1457","true","ok","15",""
"1131","KSI Badmintonklub Kbh.","1131","true","ok","10",""
"1798","Kvaglund","1798","false","ok","7",""
"1278","Kværkeby IF","1278","false","ok","1",""
"1390","Langeskov","1390","true","ok","16",""
"1481","Kværndrup","1481","false","ok","0",""
"1294","Langebæk","1294","false","ok","0",""
"2034","Kværs/Tørsbøl IF, Badmintonafd.","2034","false","ok","1",""
"7426","Kvissel Ravnshøj IF","7426","false","ok","0",""
"1655","Langaa","1655","false","ok","0",""
"1164","Ledøje-Smørum","1164","true","ok","7",""
"1537","Langholt","1537","false","ok","0",""
"1316","Langvad Gymnastikforening","1316","false","ok","0",""
"1821","Langhøj","1821","true","ok","12",""
"1985","Lem Boldklub","1985","false","ok","0",""
"1961","Laven/Linå","1961","false","ok","0",""
"1222","Lille Næstved","1222","false","ok","0",""
"1686","Låsby","1686","false","ok","0",""
"2086","Læk UF","2086","false","ok","0",""
"1221","Lejre","1221","false","ok","5",""
"1857","Lemvig","1857","false","ok","0",""
"2114","Letland","2114","false","ok","0",""
"1844","Lem","1844","true","ok","0",""
"1820","Lind KLG","1820","false","ok","0",""
"1498","Lindholm","1498","true","ok","50",""
"5898","Linjedommerklub","5898","false","ok","0",""
"1711","Lindved","1711","false","ok","8",""
"22","Lillerød","22","true","ok","39",""
"7152","Lisbjerg Fritids Liv","7152","false","ok","0",""
"2115","Litauen","2115","false","ok","0",""
"1540","Løgstør","1540","false","ok","3",""
"1612","Lugi, Lendum badmintonafdeling","1612","false","ok","0",""
"1956","Løgstrup","1956","false","ok","0",""
"2009","Løjt","2009","false","ok","0",""
"2008","Løgum","2008","false","ok","0",""
"1781","Løvel U & IF","1781","false","ok","0",""
"1538","Løgstør LBK","1538","false","ok","0",""
"1595","Løkken","1595","false","ok","0",""
"1736","Løsning","1736","false","ok","0",""
"1704","Lund","1704","false","ok","6",""
"1419","Lundby","1419","false","ok","0",""
"1727","Lunderskov","1727","false","ok","12",""
"1593","Lundergård","1593","false","ok","0",""
"1223","Lundtofte","1223","false","ok","17",""
"2006","Lundtoft IF","2006","false","ok","1",""
"5951","Luxembourg","5951","false","ok","0",""
"1095","Lyngby","1095","true","ok","40",""
"1174","Lynge Uggeløse","1174","false","ok","3",""
"1307","Lynge-Broby","1307","false","ok","8",""
"1624","Lystrup","1624","false","ok","10",""
"2007","Lysabild/Tandslet","2007","false","ok","7",""
"6924","Måbjerg","6924","false","ok","0",""
"2156","Macau","2156","false","ok","0",""
"2135","Malaysia","2135","false","ok","0",""
"1186","Måløv","1186","true","ok","11",""
"1960","Mammen","1960","false","ok","2",""
"1541","Mariager","1541","false","ok","0",""
"7603","Mariager Efterskole","7603","false","ok","0",""
"1351","Maribo","1351","false","ok","1",""
"1471","Marstal Idræt","1471","false","ok","0",""
"1678","Mårslet Badminton","1678","false","ok","2",""
"1822","Mejdal","1822","false","ok","0",""
"1791","Mejrup G og UF","1791","false","ok","4",""
"1224","Melby","1224","false","ok","0",""
"1868","Midtjylland","1868","false","ok","0",""
"7245","Mexico","7245","false","ok","0",""
"1257","Midt- og Vestsjælland","1257","false","ok","0",""
"1391","Middelfart","1391","true","ok","4",""
"1690","Midtdjurs","1690","false","ok","0",""
"7341","Midtjysk Efterskole","7341","false","ok","0",""
"1796","Midtmors GIF","1796","false","ok","8",""
"7507","Midtsjællands BK","7507","false","ok","0",""
"1433","Morud","1433","false","ok","5",""
"7113","Motionister i Solrød","7113","false","ok","0",""
"1542","Mou","1542","false","ok","3",""
"1996","Motionsklubben 88-Thise","1996","false","ok","0",""
"1912","Møldrup","1912","false","ok","3",""
"2598","Mølleparken","2598","false","ok","0",""
"1370","Møn","1370","false","ok","1",""
"1909","Mønsted","1909","false","ok","0",""
"1694","Mørke","1694","false","ok","0",""
"31","Mørkøv","31","false","ok","2",""
"1420","Munkebo BK69","1420","false","ok","0",""
"1353","Nakskov","1353","false","ok","14",""
"1858","Naur-Sir-Krunderup","1858","false","ok","0",""
"2085","Nibøl UF","2085","false","ok","0",""
"1945","Næsbjerg/Rousth.","1945","false","ok","0",""
"1422","Næsby","1422","true","ok","9",""
"33","Næstved","33","false","ok","0",""
"34","NBK Amager","34","true","ok","24",""
"7987","Næstved-Herlufsholm","7987","true","ok","17",""
"2130","New Zealand","2130","false","ok","0",""
"1378","Nexø","1378","false","ok","8",""
"2024","Nordals","2024","false","ok","0",""
"1695","Nielstrup-Voldum","1695","false","ok","3",""
"7391","Nigeria","7391","false","ok","0",""
"7744","NIK","7744","false","ok","0",""
"7760","Nim IF","7760","false","ok","0",""
"1153","Nivå-Kokkedal","1153","true","ok","22",""
"7131","NKT","7131","false","ok","0",""
"1202","Nordbyens Badmintonklub","1202","false","ok","4",""
"2029","Nordenskov UIF","2029","false","ok","0",""
"1588","Nordjylland","1588","false","ok","0",""
"7914","Nordkystens BK","7914","false","ok","0",""
"1823","Nors","1823","false","ok","0",""
"2116","Norge","2116","false","ok","0",""
"1486","Nordlangelands IF","1486","false","ok","0",""
"1225","Nordrup-Farendløse","1225","false","ok","4",""
"1258","Nordsjælland","1258","false","ok","0",""
"1599","Nørager HCI","1599","false","ok","0",""
"1355","Nørre Alslev","1355","false","ok","0",""
"2010","Notmark","2010","false","ok","0",""
"7351","Nødebo Badminton","7351","false","ok","2",""
"7713","NØG Badminton","7713","false","ok","2",""
"1610","Nørager","1610","false","ok","0",""
"1530","Nørhalne","1530","false","ok","12",""
"2937","Nørre Djurs BK","2937","false","ok","1",""
"6876","Nørre Nissum Efterskole","6876","false","ok","0",""
"1892","Nr. Felding","1892","false","ok","0",""
"7937","Nørremarkens FS","7937","false","ok","0",""
"1403","Nr. Åby","1403","false","ok","2",""
"32","Nr. Broby","32","true","ok","14",""
"7985","Nøvlingskov Efterskole","7985","false","ok","0",""
"1728","Nr. Bjert","1728","false","ok","1",""
"609","Nr. Lyndelse","609","true","ok","15",""
"1973","Nr. Nebel","1973","false","ok","0",""
"1379","Nyker","1379","false","ok","4",""
"1543","Nr. Sundby Bank","1543","false","ok","0",""
"2059","Nustrup Ungdomsforening","2059","false","ok","0",""
"1310","Ny Høsterkøb","1310","false","ok","0",""
"1421","Nyborg","1421","true","ok","23",""
"1339","Nykøbing F","1339","true","ok","12",""
"1824","Nykøbing M BK","1824","false","ok","0",""
"1270","Odden","1270","false","ok","0",""
"1387","Odense BK77","1387","false","ok","4",""
"1193","Nyråd","1193","false","ok","7",""
"1181","Nykøbing Sj.","1181","false","ok","2",""
"1354","Nysted","1354","false","ok","0",""
"1871","Oddense Otting","1871","false","ok","0",""
"1656","Odder","1656","false","ok","8",""
"1587","Onsild Idrætsforening","1587","false","ok","0",""
"1392","Odense OBK","1392","true","ok","53",""
"5945","Odsherred","5945","false","ok","0",""
"1994","Oksbøl Badminton Klub","1994","false","ok","6",""
"1445","Ollerup/Skerninge G & IF, Badminton","1445","false","ok","0",""
"1252","Orø","1252","false","ok","0",""
"1188","Osted","1188","false","ok","1",""
"1453","Otterup","1453","true","ok","7",""
"1423","Oure/Gudme","1423","false","ok","0",""
"1924","Outrup","1924","false","ok","0",""
"2011","Over Jerstal","2011","false","ok","0",""
"7953","Oversidderklub","7953","false","ok","0",""
"1545","Overlade","1545","false","ok","0",""
"1571","Ø. Brønderslev","1571","false","ok","0",""
"1133","ØBK/BK Kbh.","1133","false","ok","1",""
"1922","ØBG Silkeborg","1922","false","ok","9",""
"1941","Ølgod","1941","false","ok","3",""
"1714","Ølholm","1714","false","ok","2",""
"7359","Ølsted IF, badminton","7359","false","ok","0",""
"2599","Ølstrup G & UF","2599","false","ok","0",""
"1716","Ølsted Løsning","1716","false","ok","0",""
"1132","Øresundskollegiet","0","false","ok","0",""
"1160","Ølstykke","1160","false","ok","26",""
"1341","Ønslev-Eskildstrup","1341","false","ok","0",""
"1948","Ørnhøj","1948","false","ok","0",""
"1276","Ørslev Bjerge","1276","false","ok","0",""
"1321","Ørslev G & IF","1321","false","ok","0",""
"1298","Ørslev IF","1298","false","ok","0",""
"1702","Ørting","1702","false","ok","0",""
"1317","Ørslev Solbj.","1317","false","ok","0",""
"2936","Ørum IF","2936","false","ok","0",""
"1842","Ørslevkloster","1842","false","ok","0",""
"1672","Ørsted IF","1672","false","ok","8",""
"1733","Øster Nykirke","1733","false","ok","0",""
"1914","Ørum og Omegs IF","1914","false","ok","0",""
"2053","Øsby","2053","false","ok","0",""
"1708","Østbirk","1708","false","ok","2",""
"1572","Øster Hornum","1572","false","ok","0",""
"1573","Øster Hurup","1573","false","ok","1",""
"1780","Øster Starup Vester Nebel IF","1780","false","ok","0",""
"7493","Østerby SF","7493","false","ok","0",""
"1383","Østermarie","1383","false","ok","2",""
"1482","Østersøen","1482","false","ok","0",""
"1574","Østervrå","1574","false","ok","0",""
"1368","Østfalster","1368","false","ok","7",""
"1684","Østjylland","1684","false","ok","0",""
"7243","Østmøn Sg & I","7243","false","ok","2",""
"1369","Østofte","1369","false","ok","0",""
"2134","Østrig","2134","false","ok","0",""
"1873","Østsalling","1873","false","ok","0",""
"1100","Pan Kbh.","1100","false","ok","2",""
"1116","Peder Lykke Kbh.","1116","false","ok","1",""
"2151","Peru","2151","false","ok","0",""
"1121","PI København","1121","true","ok","3",""
"2117","Poland","2117","false","ok","0",""
"2145","Portugal","2145","false","ok","0",""
"1105","Posten Kbh.","1105","false","ok","5",""
"1401","Posten Odense","0","false","ok","0",""
"1380","Poulsker","1380","false","ok","0",""
"1479","Rågelund efterskole","1479","false","ok","0",""
"1596","Poulstrup Vrejlev","1596","false","ok","3",""
"1226","Ramløse","1226","false","ok","2",""
"1290","Præstø Sport","1290","false","ok","0",""
"1356","Radsted","1356","false","ok","0",""
"1261","Raklev","1261","false","ok","0",""
"1968","Ramme - Lomborg IF","1968","false","ok","0",""
"1683","Rårup","1683","false","ok","0",""
"1625","Randers BK","1625","true","ok","32",""
"1615","Rebild Efterskole","1615","false","ok","7",""
"6854","Rækker Mølle","6854","false","ok","0",""
"1582","Ravnkilde Sylvia","1582","false","ok","0",""
"1712","Rask Mølle","1712","false","ok","0",""
"1825","Ribe","1825","true","ok","24",""
"2084","Rendsborg - Bydelsdorf UF","2084","false","ok","0",""
"1965","Resenbro","1965","false","ok","0",""
"1734","Riis Tebstrup","1734","false","ok","0",""
"1877","Rindum","1877","false","ok","0",""
"1424","Ringe","1424","true","ok","13",""
"2031","Ringive-Lindeballe IF","2031","false","ok","0",""
"1826","Ringkøbing","1826","false","ok","4",""
"36","Ringsted","36","true","ok","27",""
"1458","Rise","1458","false","ok","8",""
"1425","Rising","1425","false","ok","0",""
"1227","Rislev","0","false","ok","0",""
"1427","Rolfsted","1427","false","ok","0",""
"1764","Romalt IF","1764","false","ok","0",""
"1528","Rosendal","1528","false","ok","36",""
"7141","Roskilde Motions Badminton Klub","7141","false","ok","3",""
"1827","Roslev","1827","false","ok","0",""
"1358","Rødby","1358","true","ok","6",""
"2012","Rødding","2012","false","ok","0",""
"2013","Rødekro","2013","true","ok","20",""
"1907","Rødkærsbro","1907","false","ok","1",""
"1744","Rønde Efterskole","1744","true","ok","30",""
"1096","Rødovre","1096","false","ok","9",""
"1381","Rønne","1381","false","ok","0",""
"7710","Rønde Motion og Samvær","7710","false","ok","0",""
"1228","Rønnede","1228","false","ok","1",""
"1253","Rørby","1253","false","ok","0",""
"1254","Rørvig","1254","false","ok","0",""
"1357","Rudbjerg","1357","false","ok","0",""
"7371","Rudersdal","7371","false","ok","16",""
"7737","Rudehøj Efterskole","7737","false","ok","0",""
"1444","Rudkøbing Badmintonklub","1444","false","ok","0",""
"1263","Ruds-Vedby","1263","false","ok","0",""
"7567","Rumænien","7567","false","ok","0",""
"2118","Rusland","2118","false","ok","0",""
"1657","Ry","1657","false","ok","17",""
"1992","Rydhave Slots Efterskole","1992","false","ok","0",""
"1123","Ryparken","1123","false","ok","3",""
"1426","Ryslinge","1426","false","ok","0",""
"1124","SAIF Kbh.","1124","true","ok","12",""
"1840","Sabro","1840","true","ok","11",""
"1859","Sahl","1859","false","ok","0",""
"1234","Såby Badminton","1234","false","ok","3",""
"1359","Sakskøbing","1359","false","ok","4",""
"1454","Salbrovad","1454","false","ok","0",""
"1746","Samsø UI","1746","false","ok","1",""
"1598","Saltum","1598","false","ok","3",""
"1428","Sanderum","1428","false","ok","0",""
"1277","Sandved Tornemark","1277","false","ok","1",""
"1558","Sæby","1558","false","ok","3",""
"2082","Satrup UF","2082","false","ok","0",""
"1480","Særslev","1480","false","ok","0",""
"2124","Schweiz","2124","false","ok","0",""
"1106","Sct. Jørgen Kbh.","1106","false","ok","5",""
"1291","Sct. Jørgens Skole","1291","false","ok","0",""
"1932","Sdr. Omme","1932","false","ok","1",""
"2027","Sdr. Hygum","2027","false","ok","15",""
"1878","Sdr. Nissum","1878","false","ok","0",""
"7732","Sdr. Rind/Vinkel IF","7732","false","ok","0",""
"2032","Sdr. Stenderup Idrætsforening","2032","false","ok","0",""
"2094","SDU","2094","false","ok","0",""
"1546","Serritslev","1546","false","ok","0",""
"7404","SDU Badminton Kolding","7404","false","ok","0",""
"1549","Sejlflod","1549","false","ok","2",""
"1659","Sejs-Svejbæk","1659","false","ok","13",""
"1180","Sengeløse","1180","false","ok","2",""
"1981","Sevel/Mogenstrup","1981","false","ok","0",""
"1902","SFGIF","1902","false","ok","0",""
"1967","Sig","1967","false","ok","0",""
"1697","SIF Assentoft","1697","false","ok","3",""
"1627","Silkeborg BK","1627","true","ok","28",""
"1786","Silkeborg IF","1786","false","ok","0",""
"2146","Singapore","2146","false","ok","0",""
"1529","Simested KVIK","1529","false","ok","0",""
"1594","Skallerup/Vennebj.","1594","false","ok","2",""
"7074","Skals Gymnastikforening","7074","false","ok","0",""
"1551","Skalborg SK","1551","true","ok","8",""
"7851","Sjælsølund SES","7851","false","ok","4",""
"1459","Skårup","1459","false","ok","0",""
"7073","Sjørslev/Demstrup IF","7073","false","ok","0",""
"7591","Skaade Elite Badminton","7591","false","ok","0",""
"1500","Skagen","1500","true","ok","10",""
"1660","Skanderborg","0","false","ok","0",""
"327","Skælskør","327","true","ok","17",""
"1905","Skibbild Badmintonklub","1905","false","ok","0",""
"1709","Skanderborg Badminton","1709","false","ok","6",""
"1799","Skanderup IF","1799","false","ok","0",""
"1782","Skarrild IF","1782","false","ok","0",""
"2066","Skærbæk Badmintonklub","2066","false","ok","0",""
"1552","Skelund-Veddum","1552","false","ok","0",""
"1286","Skensved Badminton","1286","false","ok","0",""
"1165","Skibby","1165","true","ok","7",""
"1800","Skive-Resen","1800","false","ok","9",""
"1730","Skibet","1730","false","ok","0",""
"1829","Skjern","1829","false","ok","5",""
"2028","Skodborg","2028","false","ok","2",""
"1785","Skovby IF","1785","false","ok","0",""
"2125","Skotland","2125","false","ok","0",""
"1622","Skovbakken","1622","true","ok","14",""
"7485","Skrødstrup Efterskole","7485","false","ok","0",""
"1163","Skovlunde","1163","false","ok","13",""
"1515","Skørping","1515","false","ok","2",""
"1553","Skovsgård/Brovst","1553","false","ok","2",""
"1099","Skovshoved","1099","true","ok","51",""
"1661","Skødstrup","1661","true","ok","13",""
"1429","Skt Klemens","1429","false","ok","0",""
"1157","Slagelse","1157","true","ok","12",""
"7132","Slagelse Garnisions idrætsforening","0","false","ok","0",""
"1196","Slangerup","1196","false","ok","28",""
"2129","Slovakiet","2129","false","ok","0",""
"2081","Slesvig IF","2081","false","ok","0",""
"1360","Slemminge","1360","false","ok","0",""
"1328","Slaglille Bjernede G & I","1328","false","ok","0",""
"1088","SMASH","0","false","ok","0",""
"2158","Slovenien","2158","false","ok","0",""
"1731","Smidstrup","1731","false","ok","0",""
"1831","Snejbjerg","1831","true","ok","2",""
"1830","Snedsted","1830","false","ok","0",""
"1232","Søborg","1232","false","ok","0",""
"1662","Solbjerg","1662","true","ok","10",""
"1229","Snekkersten","1229","false","ok","0",""
"2062","Smiff Badminton","2062","true","ok","1",""
"39","Solrød Strand","39","true","ok","73",""
"1167","Sorø","1167","false","ok","18",""
"1687","Sorring","1687","false","ok","7",""
"2077","Sønderbrarup UF","2077","false","ok","0",""
"1431","Søhus","1431","false","ok","0",""
"1487","Søby KVIK","1487","false","ok","0",""
"1676","Søften","1676","true","ok","11",""
"1364","Søllested","1364","false","ok","4",""
"2041","Sønderjylland","2041","false","ok","0",""
"1860","Søndermarken","1860","false","ok","0",""
"7145","Søndermarkens GF","7145","false","ok","2",""
"1843","Sønderris","1843","false","ok","0",""
"1455","Søndersø","1455","false","ok","1",""
"1527","Sønderup-S. Frem","1527","false","ok","5",""
"1330","Sørbymagle IF, Badminton","1330","false","ok","1",""
"1127","Søvang","1127","false","ok","3",""
"1128","Søværnet Kbh.","1128","false","ok","0",""
"1707","Søvind GIF","1707","false","ok","0",""
"2137","Spanien","2137","false","ok","0",""
"1663","Spentrup","1663","false","ok","0",""
"1292","St. Heddinge","1292","false","ok","0",""
"1882","Spjald","1882","false","ok","4",""
"1125","Sporvejenes IF","1125","false","ok","0",""
"1838","Spøttrup","1838","false","ok","0",""
"2022","Sportsefterskolen SINE","2022","true","ok","11",""
"2068","SS Skjold, Badminton","2068","false","ok","0",""
"7314","ST70","7314","false","ok","0",""
"5961","Sri Lanka","5961","false","ok","0",""
"8015","Stadil-Vedersø IF","0","false","error","0","Internal server error"
"1230","St. Lyngby","1230","false","ok","1",""
"1266","St. Merløse","1266","false","ok","0",""
"7526","Staby Efterskole","7526","false","ok","0",""
"1547","St. Restrup","1547","false","ok","5",""
"1284","Stenlille","1284","false","ok","0",""
"7983","Stadil-Vedersø IF","7983","false","ok","0",""
"2060","Stenderup - Krogager IF","2060","false","ok","0",""
"2014","Starup","2014","false","ok","1",""
"1664","Stensballe","1664","false","ok","0",""
"1949","Stauning-Dejbjerg","1949","false","ok","0",""
"1644","Stavtrup","1644","false","ok","15",""
"1109","Stefan Kbh.","1109","false","ok","0",""
"1748","Stenderup","1748","false","ok","0",""
"385","Stenløse","385","true","ok","13",""
"1745","Stjær Boldklub, Badminton afdelingen","1745","false","ok","0",""
"1399","Stige","1399","false","ok","0",""
"1607","Stidsholt IF","1607","false","ok","9",""
"1468","Stenstrup Gym","1468","false","ok","0",""
"40","Stillinge","40","false","ok","0",""
"1665","Stilling","1665","false","ok","2",""
"1908","Stoholm BK","1908","false","ok","1",""
"7981","Stokkemarke Badmintonklub","7981","false","ok","0",""
"1718","Stouby","1718","false","ok","0",""
"1361","Stokkemarke Badmintonklub","0","false","ok","0",""
"1260","Storstrømmen","1260","false","ok","0",""
"2079","Store Vi UF","2079","false","ok","0",""
"1139","Storkøbenhavn","1139","false","ok","0",""
"1362","Storstrømmen-Kippinge","1362","false","ok","4",""
"1555","Støvring","1555","true","ok","36",""
"1611","Strandby","1611","false","ok","0",""
"1554","Strandby/Elling","1554","false","ok","0",""
"1485","Strib Idrætsefterskole","1485","false","ok","12",""
"1430","Strib","1430","false","ok","4",""
"1895","Struer KFUM","1895","false","ok","3",""
"2078","Strukstrup UF","2078","false","ok","0",""
"1886","Strellev - Lyne","1886","false","ok","0",""
"1190","Strøby AIK65","1190","false","ok","0",""
"2931","Studenter Settlement, kbh.","2931","false","ok","0",""
"1340","Stubbekøbing","1340","false","ok","15",""
"1954","Studsgård","1954","false","ok","0",""
"1556","Sulsted","1556","false","ok","0",""
"2063","Sundeved Efterskole","2063","false","ok","2",""
"1832","Sunds","1832","false","ok","0",""
"1126","Sundby KFUM","0","false","ok","0",""
"1302","Svalebæk","1302","false","ok","0",""
"1382","Svaneke","1382","false","ok","3",""
"1393","Svendborg","1393","false","ok","18",""
"1557","Svenstrup","1557","true","ok","54",""
"2119","Sverige","2119","false","ok","0",""
"1231","Svinninge","1231","false","ok","0",""
"7390","Sydafrika","7390","false","ok","0",""
"1460","Sydlangeland","1460","false","ok","0",""
"1845","Sydmors","1845","false","ok","0",""
"425","Taastrup Elite","0","false","ok","0",""
"1685","Sydøstjylland","1685","false","ok","0",""
"1293","Sydstevns","1293","false","ok","0",""
"1867","Sydvest","1867","false","ok","0",""
"1590","Syvsten","1590","false","ok","0",""
"1580","Taars Ugilt","1580","false","ok","0",""
"7950","Taastrup BC","7950","false","ok","9",""
"1158","Taastrup TIK","1158","true","ok","11",""
"7183","Taiwan","7183","false","ok","0",""
"1897","Tangsø","1897","false","ok","0",""
"1861","Tarm","1861","false","ok","3",""
"1326","Tårnborg Idrætsforening, Badminton","1326","false","ok","0",""
"1140","Tårnby","1140","false","ok","0",""
"1846","Tarp","1846","false","ok","0",""
"1394","Tarup-Pårup","1394","true","ok","29",""
"7368","Tåstrup GF","7368","false","ok","0",""
"2147","Thailand","2147","false","ok","0",""
"1244","Team Pearly Helsingør","0","false","ok","0",""
"1559","Terndrup","1559","false","ok","0",""
"1281","Terslev","1281","false","ok","4",""
"7721","TG Kvindesport","7721","false","ok","0",""
"7550","Team Salling","7550","false","ok","0",""
"1847","Team Sydvest","0","false","ok","0",""
"1794","Them Badmintonklub","1794","false","ok","13",""
"1921","Thorning","1921","false","ok","0",""
"1833","Thisted","1833","false","ok","7",""
"1963","Thorsminde","1963","false","ok","0",""
"1679","Thorsager Rønde","1679","true","ok","6",""
"2848","Thorsø-Tungelund IF","2848","false","ok","0",""
"1490","Thurø Badmintonklub","1490","false","ok","0",""
"1869","Thorup/Klim","1869","false","ok","0",""
"1962","Thyborøn","1962","false","ok","0",""
"1862","Thyholm","1862","false","ok","0",""
"1750","Thyregod","1750","false","ok","0",""
"1879","Tim","1879","false","ok","0",""
"2601","Tikøb IF","2601","false","ok","0",""
"1906","Timring","1906","false","ok","0",""
"2016","Tinglev","2016","false","ok","0",""
"1129","Tingbjerg","1129","false","ok","4",""
"1365","Tingsted","1365","false","ok","4",""
"1757","Tirstrup Idrætsefterskole","1757","false","ok","22",""
"1760","Tirstrup/Balle","1760","false","ok","0",""
"7135","Tjæreby Sg & I","7135","false","ok","0",""
"1951","Tistrup-Hodde GU","1951","false","ok","0",""
"1272","Tisvilde","1272","false","ok","0",""
"1931","Tjæreborg","1931","false","ok","0",""
"2123","Tjekkiet","2123","false","ok","0",""
"1834","Tjørring","1834","false","ok","0",""
"1776","TMIF Motion","1776","false","ok","0",""
"2049","Toftlund Idrætsfore.","2049","false","ok","0",""
"1235","Toksværd","1235","false","ok","8",""
"1439","Tommerup","1439","false","ok","0",""
"1604","Tolstrup/Stenum","1604","false","ok","1",""
"1375","Toreby Sundby GF","1375","false","ok","3",""
"1560","Tornby","1560","false","ok","0",""
"1287","Torslunde-Ishøj","1287","false","ok","0",""
"1705","Torsted","1705","false","ok","0",""
"1863","Trabjerg","1863","false","ok","0",""
"1237","Tølløse","1237","false","ok","0",""
"1713","Tørring","1713","false","ok","0",""
"2017","Tønder","2017","false","ok","6",""
"1304","Tømmerup","1304","false","ok","0",""
"1618","Tranbjerg AIA","1618","true","ok","11",""
"1484","Tranekær-Tullebølle","1484","false","ok","0",""
"1913","Trojka","1913","false","ok","0",""
"1182","Tuse IF","1182","false","ok","0",""
"5904","Trænerklubben","5904","false","ok","0",""
"1732","Trelde","1732","false","ok","0",""
"1793","Troldhede IF","1793","false","ok","5",""
"1628","Tst, Tilst","1628","false","ok","17",""
"1236","Tune","1236","false","ok","11",""
"1161","Tuse Næs","1161","false","ok","1",""
"1395","Tved","1395","false","ok","0",""
"1893","Tvis","1893","false","ok","0",""
"1561","Tylstrup","1561","false","ok","0",""
"2155","Tyrkiet","2155","false","ok","0",""
"2120","Tyskland","2120","false","ok","0",""
"1432","Ubberud","1432","false","ok","0",""
"2160","Udland","2160","false","ok","0",""
"2148","Ukraine","2148","false","ok","0",""
"1735","Uldum","1735","false","ok","0",""
"1880","Ulfborg","1880","false","ok","0",""
"1910","Ulstrup","1910","false","ok","7",""
"2018","Ulkebøl","2018","false","ok","9",""
"1396","Ullerslev Langtved","1396","true","ok","8",""
"1579","Ullits","1579","false","ok","0",""
"1616","Ulsted Boldklub, Badmintonafd.","1616","false","ok","0",""
"1265","Undløse","1265","false","ok","0",""
"1097","Valby BC","1097","true","ok","21",""
"2149","USA","2149","false","ok","0",""
"1238","Vallekilde-Hørve","1238","false","ok","5",""
"1327","Uvelse Idrætsforening, Badminton","1327","false","ok","0",""
"2153","Ungarn","2153","false","ok","0",""
"1562","Vadum","1562","false","ok","0",""
"7982","United Badminton Klub","7982","false","ok","0",""
"1366","V. Ulslev","1366","false","ok","0",""
"1570","Vaarst-Fjellerad","1570","false","ok","0",""
"1098","Vanløse","1098","true","ok","19",""
"7358","Valby Gymnastik & idrætsforening","7358","false","ok","0",""
"2047","Varnæs Bovrup","2047","false","ok","0",""
"1173","Vallensbæk","1173","false","ok","19",""
"1255","Vallø","1255","false","ok","1",""
"1600","Valsgård","1600","false","ok","0",""
"6986","Vammen U & IF","6986","false","ok","0",""
"2075","Vanderup UF","2075","false","ok","0",""
"1835","Varde","1835","false","ok","14",""
"1674","Vamdrup","1674","false","ok","1",""
"1367","Væggerløse","1367","false","ok","0",""
"7965","Vedersø Idrætsefterskole","7965","false","ok","14",""
"42","Værløse","42","true","ok","58",""
"1563","Vedsted GF","1563","false","ok","0",""
"1476","Veflinge","1476","false","ok","0",""
"1836","Vejen","1836","false","ok","15",""
"1564","Vejgaard","1564","false","ok","21",""
"1666","Vejlby IK","1666","false","ok","11",""
"1667","Vejlby Risskov","1667","true","ok","7",""
"1629","Vejle","1629","true","ok","29",""
"1927","Vejrup","1927","false","ok","3",""
"1658","Vellev Idrætsforening, Badminton","1658","false","ok","0",""
"1874","Vemb","1874","false","ok","0",""
"1982","Velling Ungdoms og IF","1982","false","ok","0",""
"1256","Vemmedrup","1256","false","ok","0",""
"1239","Vemmelev","1239","false","ok","0",""
"1585","Vendsyssel BK","0","false","ok","0",""
"1565","Vestbjerg","1565","false","ok","3",""
"1566","Vester Hassing","1566","false","ok","7",""
"1866","Vestjylland","1866","false","ok","0",""
"1837","Vestervig","1837","false","ok","0",""
"1613","Vester Hjermitslev Badmintonklub","1613","false","ok","0",""
"1567","Vester Hornum","1567","false","ok","0",""
"2061","Vester Nebel Idrætsforening","2061","false","ok","0",""
"4790","Veteranklubben","4790","false","ok","0",""
"7328","Vesterbølle Efterskole","7328","false","ok","0",""
"2074","Vesterland UIF","2074","false","ok","0",""
"1630","Viborg","1630","true","ok","23",""
"41","Viby J","41","true","ok","41",""
"1240","Viby S","1240","false","ok","2",""
"1839","Videbæk","1839","false","ok","0",""
"7182","Vietnam","7182","false","ok","0",""
"1241","Vig","1241","false","ok","0",""
"1864","Vildbjerg","1864","false","ok","2",""
"2048","Vilstrup","2048","false","ok","0",""
"1894","Vind","1894","false","ok","0",""
"1434","Vindeby","1434","false","ok","0",""
"1984","Vinderup Badmintonklub","1984","false","ok","0",""
"1185","Virum","1185","false","ok","22",""
"1314","Vindinge","1314","false","ok","4",""
"1787","Vinding Sportsforening (VSF)","1787","true","ok","38",""
"1170","Vipperød","1170","true","ok","0",""
"1849","Vinding UIF","1849","false","ok","0",""
"1472","Vindinge Fyn","1472","true","ok","1",""
"1110","VLI Badminton Kbh.","1110","false","ok","1",""
"1568","Vodskov","1568","false","ok","2",""
"1677","Virklund","1677","false","ok","3",""
"1669","Virring","1669","false","ok","0",""
"1974","Vittrup","1974","false","ok","0",""
"1242","Viskinge","1242","false","ok","3",""
"7212","Vivild Idrætsefterskole","7212","false","ok","8",""
"1435","Vissenbjerg","1435","false","ok","0",""
"1771","Vivild IF badminton","1771","false","ok","0",""
"1478","Vollsmose","1478","false","ok","0",""
"1670","Voel KFUM","1670","true","ok","12",""
"7611","Voerladegård IF","7611","false","ok","0",""
"1605","Voerså","1605","false","ok","0",""
"1761","Vonsild","1761","false","ok","6",""
"2019","Vojens","2019","false","ok","3",""
"4407","Vojens GI","4407","false","ok","12",""
"7315","Voldby","7315","false","ok","0",""
"1296","Vor Frue","1296","false","ok","0",""
"1923","Vorbasse","1923","false","ok","1",""
"1159","Vordingborg","1159","true","ok","9",""
"1904","Vorgod - Barde IF","1904","false","ok","0",""
"6941","Vostrup G & UIF","6941","false","ok","0",""
"1569","Vrå","1569","false","ok","0",""
"1872","Vridsted","1872","false","ok","0",""
"2150","Wales","2150","false","ok","0",""
